,Mass Air Flow - Sensor (G70),Lambda Control - Bank 1 (actual),Accel. Pedal Pos. - Sensor 1 (G79),Lambda Control - Bank 1,Boost Pressure - Control (N75),Boost Pressure - (specified),Boost Pressure - (actual),Fuel Rail - Pressure (actual),Fuel Rail - Pressure (actual),,,,,,,,
,4.64,1.15,0.0,25.0,0.0,430.0,910.0,48.60,51.42,,,,,,,,
,4.50,1.15,0.0,25.0,0.0,430.0,910.0,50.46,49.04,,,,,,,,
,4.53,1.14,0.0,25.0,0.0,430.0,910.0,50.31,49.29,,,,,,,,
,4.31,1.13,0.0,25.0,0.0,430.0,910.0,51.43,50.28,,,,,,,,
,4.36,1.13,0.0,25.0,0.0,430.0,910.0,48.39,50.61,,,,,,,,
,4.39,1.14,0.0,25.0,0.0,430.0,910.0,50.20,48.81,,,,,,,,
,4.28,1.14,0.0,25.0,0.0,430.0,910.0,50.46,49.67,,,,,,,,
,4.47,1.15,0.0,25.0,0.0,430.0,910.0,50.70,50.02,,,,,,,,
,4.58,1.14,0.0,25.0,0.0,430.0,910.0,48.60,51.16,,,,,,,,
,4.44,1.14,0.0,25.0,0.0,430.0,910.0,50.49,49.32,,,,,,,,
,4.53,1.14,0.0,25.0,0.0,430.0,910.0,50.31,49.07,,,,,,,,
,4.47,1.15,0.0,25.0,0.0,430.0,910.0,51.02,49.76,,,,,,,,
,4.31,1.16,0.0,25.0,0.0,430.0,910.0,49.21,50.22,,,,,,,,
,4.42,1.15,0.0,25.0,0.0,430.0,910.0,48.95,50.50,,,,,,,,
,4.47,1.15,0.0,25.0,0.0,430.0,910.0,50.46,49.41,,,,,,,,
,4.42,1.16,0.0,25.0,0.0,430.0,910.0,49.64,48.60,,,,,,,,
,4.36,1.14,0.0,25.0,0.0,430.0,910.0,50.83,49.58,,,,,,,,
,4.33,1.15,0.0,25.0,0.0,430.0,910.0,49.88,50.62,,,,,,,,
,4.42,1.15,0.0,25.0,0.0,430.0,910.0,49.00,50.61,,,,,,,,
,4.31,1.16,0.0,25.0,0.0,430.0,910.0,48.66,51.14,,,,,,,,
,4.47,1.16,0.0,25.0,0.0,430.0,910.0,50.37,51.72,,,,,,,,
,4.33,1.16,0.0,25.0,0.0,430.0,910.0,49.41,48.39,,,,,,,,
,4.33,1.15,0.0,25.0,0.0,430.0,910.0,51.10,50.25,,,,,,,,
,4.56,1.14,0.0,25.0,0.0,430.0,910.0,49.92,50.10,,,,,,,,
,4.39,1.14,0.0,25.0,0.0,430.0,910.0,49.64,51.21,,,,,,,,
,4.44,1.14,0.0,25.0,0.0,430.0,910.0,48.85,50.21,,,,,,,,
,4.36,1.14,0.0,25.0,0.0,430.0,910.0,50.46,49.68,,,,,,,,
,4.50,1.14,0.0,25.0,0.0,430.0,910.0,50.86,50.05,,,,,,,,
,4.53,1.15,0.0,25.0,0.0,430.0,910.0,50.09,49.90,,,,,,,,
,4.44,1.16,0.0,25.0,0.0,430.0,910.0,49.20,51.77,,,,,,,,
,4.44,1.16,0.0,25.0,0.0,430.0,910.0,49.88,51.46,,,,,,,,
,4.42,1.15,0.0,25.0,0.0,430.0,910.0,49.56,48.66,,,,,,,,
,4.69,1.14,0.0,25.0,0.0,430.0,910.0,51.15,49.97,,,,,,,,
,4.31,1.14,0.0,25.0,0.0,430.0,910.0,51.11,50.07,,,,,,,,
,4.61,1.13,0.0,25.0,0.0,430.0,910.0,48.22,50.62,,,,,,,,
,4.44,1.13,0.0,25.0,0.0,430.0,910.0,49.24,48.22,,,,,,,,
,4.31,1.13,0.0,25.0,0.0,430.0,910.0,51.93,50.25,,,,,,,,
,4.42,1.13,0.0,25.0,0.0,430.0,910.0,50.87,50.10,,,,,,,,
,4.47,1.14,0.0,25.0,0.0,430.0,910.0,48.97,50.85,,,,,,,,
,4.53,1.15,0.0,25.0,0.0,430.0,910.0,50.17,49.17,,,,,,,,
,4.53,1.16,0.0,25.0,0.0,430.0,910.0,50.49,49.49,,,,,,,,
,4.50,1.15,0.0,25.0,0.0,430.0,910.0,51.55,50.29,,,,,,,,
,4.50,1.14,0.0,25.0,0.0,430.0,910.0,48.42,50.13,,,,,,,,
,4.31,1.14,0.0,25.0,0.0,430.0,910.0,50.14,50.38,,,,,,,,
,4.47,1.14,0.0,25.0,0.0,430.0,910.0,50.74,49.76,,,,,,,,
,4.61,1.15,0.0,25.0,0.0,430.0,910.0,49.64,48.66,,,,,,,,
,4.50,1.16,0.0,25.0,0.0,440.0,910.0,51.03,49.64,,,,,,,,
,4.50,1.16,0.0,25.0,0.0,440.0,910.0,51.55,50.98,,,,,,,,
,4.53,1.16,0.0,25.0,0.0,440.0,910.0,48.91,50.82,,,,,,,,
,4.67,1.14,0.0,25.0,0.0,440.0,910.0,48.85,49.94,,,,,,,,
,4.58,1.14,0.0,25.0,0.0,440.0,910.0,50.63,49.81,,,,,,,,
,4.53,1.15,0.0,25.0,0.0,440.0,910.0,50.14,50.13,,,,,,,,
,4.33,1.14,0.0,25.0,0.0,450.0,910.0,48.88,51.17,,,,,,,,
,4.53,1.14,0.0,25.0,0.0,440.0,910.0,49.76,48.51,,,,,,,,
,4.58,1.13,0.0,25.0,0.0,440.0,910.0,51.12,49.56,,,,,,,,
,4.72,1.14,0.0,25.0,0.0,440.0,910.0,48.81,51.10,,,,,,,,
,4.69,1.15,0.0,25.0,0.0,440.0,910.0,49.46,48.59,,,,,,,,
,4.69,1.14,0.0,25.0,0.0,440.0,910.0,50.80,49.78,,,,,,,,
,4.39,1.13,0.0,25.0,0.0,440.0,910.0,51.75,50.92,,,,,,,,
,5.00,1.13,0.0,25.0,0.0,470.0,910.0,49.49,50.12,,,,,,,,
,4.81,1.15,0.0,25.0,0.0,460.0,910.0,50.42,48.88,,,,,,,,
,4.86,1.17,0.0,25.0,0.0,460.0,910.0,51.07,50.02,,,,,,,,
,4.92,1.16,0.0,25.0,0.0,460.0,910.0,51.19,50.05,,,,,,,,
,4.81,1.18,0.0,25.0,0.0,460.0,910.0,48.83,50.85,,,,,,,,
,4.81,1.17,0.0,25.0,0.0,460.0,920.0,50.07,51.48,,,,,,,,
,8.14,1.17,0.0,25.0,0.0,810.0,920.0,50.34,48.60,,,,,,,,
,7.94,1.21,6.3,25.0,0.0,550.0,910.0,50.18,50.17,,,,,,,,
,7.44,1.17,5.5,25.0,0.0,540.0,920.0,50.53,50.80,,,,,,,,
,9.58,1.20,8.6,25.0,0.0,700.0,920.0,50.71,51.36,,,,,,,,
,9.03,1.20,8.6,25.0,0.0,600.0,920.0,53.43,53.17,,,,,,,,
,8.83,1.20,8.6,25.0,0.0,630.0,930.0,52.78,52.37,,,,,,,,
,8.67,1.19,8.6,25.0,0.0,600.0,930.0,52.32,52.56,,,,,,,,
,8.42,1.19,9.0,25.0,0.0,600.0,930.0,52.51,52.29,,,,,,,,
,8.86,1.18,6.3,25.0,0.0,630.0,930.0,52.09,52.49,,,,,,,,
,7.44,1.17,0.0,25.0,0.0,530.0,930.0,52.20,53.16,,,,,,,,
,5.33,1.13,0.0,25.0,0.0,490.0,930.0,49.12,48.85,,,,,,,,
,4.50,1.11,0.0,25.0,0.0,430.0,930.0,52.32,51.35,,,,,,,,
,5.17,1.09,0.0,25.0,0.0,460.0,920.0,52.42,52.46,,,,,,,,
,5.00,1.11,0.0,25.0,0.0,460.0,920.0,51.63,51.85,,,,,,,,
,4.61,1.13,0.0,25.0,0.0,460.0,920.0,48.83,51.07,,,,,,,,
,4.64,1.11,0.0,25.0,0.0,450.0,920.0,49.99,48.72,,,,,,,,
,4.81,1.12,0.0,25.0,0.0,460.0,920.0,50.10,48.98,,,,,,,,
,9.81,1.11,13.3,25.0,0.0,780.0,910.0,47.69,47.69,,,,,,,,
,8.58,1.19,12.9,25.0,0.0,590.0,920.0,51.89,51.00,,,,,,,,
,11.03,1.20,14.1,25.0,0.0,930.0,920.0,49.39,50.30,,,,,,,,
,10.17,1.20,14.1,25.0,0.0,690.0,930.0,52.63,51.96,,,,,,,,
,10.00,1.25,6.7,25.0,0.0,730.0,930.0,51.51,51.59,,,,,,,,
,12.06,1.23,2.4,25.0,0.0,910.0,930.0,51.15,51.43,,,,,,,,
,12.19,1.24,1.6,25.0,0.0,700.0,930.0,53.44,54.09,,,,,,,,
,4.89,1.11,0.0,25.0,0.0,400.0,950.0,53.05,52.25,,,,,,,,
,5.31,1.03,2.0,25.0,0.0,380.0,940.0,50.83,51.39,,,,,,,,
,7.00,1.12,8.6,25.0,0.0,470.0,930.0,52.44,52.12,,,,,,,,
,7.50,1.15,11.0,25.0,0.0,520.0,930.0,52.65,53.15,,,,,,,,
,7.36,1.16,13.3,25.0,0.0,480.0,930.0,54.88,54.56,,,,,,,,
,9.33,1.16,16.1,25.0,0.0,560.0,920.0,54.86,55.31,,,,,,,,
,9.72,1.17,21.2,25.0,0.0,570.0,920.0,56.78,57.10,,,,,,,,
,10.08,1.21,21.6,25.0,0.0,570.0,930.0,58.15,58.56,,,,,,,,
,10.47,1.20,22.7,25.0,0.0,540.0,930.0,60.50,60.44,,,,,,,,
,6.72,1.16,22.7,25.0,0.0,320.0,930.0,62.64,62.89,,,,,,,,
,5.81,1.11,0.0,25.0,0.0,310.0,940.0,64.06,63.42,,,,,,,,
,12.00,1.16,19.2,25.0,0.0,470.0,920.0,63.56,64.11,,,,,,,,
,13.31,1.16,24.3,25.0,0.0,550.0,930.0,66.04,68.32,,,,,,,,
,13.69,1.20,29.0,25.0,0.0,560.0,940.0,71.54,71.73,,,,,,,,
,15.67,1.19,31.0,25.0,0.0,600.0,950.0,77.14,78.00,,,,,,,,
,17.22,1.23,32.5,25.0,0.0,610.0,960.0,80.85,81.26,,,,,,,,
,19.03,1.20,33.7,25.0,0.0,630.0,970.0,83.95,84.03,,,,,,,,
,20.39,1.23,34.1,25.0,0.0,630.0,990.0,87.29,87.56,,,,,,,,
,20.19,1.17,34.1,25.0,0.0,630.0,1000.0,90.04,90.45,,,,,,,,
,16.28,1.17,27.5,25.0,0.0,480.0,1020.0,87.72,87.25,,,,,,,,
,11.56,1.08,21.6,25.0,0.0,370.0,1010.0,82.72,82.56,,,,,,,,
,9.72,1.09,18.8,25.0,0.0,320.0,990.0,82.39,80.03,,,,,,,,
,10.31,1.09,17.6,25.0,0.0,310.0,970.0,77.58,77.07,,,,,,,,
,10.31,1.15,17.6,25.0,0.0,310.0,960.0,76.66,76.90,,,,,,,,
,10.44,1.11,18.0,25.0,0.0,320.0,960.0,76.41,77.63,,,,,,,,
,10.53,1.13,18.0,25.0,0.0,320.0,950.0,76.79,76.90,,,,,,,,
,12.78,1.10,18.4,25.0,0.0,350.0,950.0,77.83,78.19,,,,,,,,
,11.97,1.11,20.8,25.0,0.0,360.0,950.0,77.07,77.23,,,,,,,,
,9.28,1.04,18.4,25.0,0.0,300.0,950.0,75.93,76.06,,,,,,,,
,8.97,1.16,7.1,25.0,0.0,300.0,950.0,73.21,72.83,,,,,,,,
,8.33,1.11,3.1,25.0,0.0,300.0,940.0,72.36,72.07,,,,,,,,
,8.22,1.12,0.0,25.0,0.0,300.0,940.0,71.70,73.50,,,,,,,,
,7.75,1.22,0.0,25.0,0.0,310.0,940.0,69.41,70.87,,,,,,,,
,7.53,1.99,0.0,0.0,0.0,310.0,940.0,70.94,71.04,,,,,,,,
,6.47,1.99,0.0,0.0,0.0,300.0,940.0,70.92,70.88,,,,,,,,
,6.44,1.99,0.0,0.0,0.0,300.0,940.0,70.88,70.95,,,,,,,,
,5.86,1.99,0.0,0.0,0.0,290.0,940.0,70.89,70.88,,,,,,,,
,5.22,1.99,0.0,0.0,0.0,290.0,940.0,70.87,70.87,,,,,,,,
,5.11,1.99,0.0,0.0,0.0,290.0,940.0,70.88,70.88,,,,,,,,
,4.47,1.99,0.0,0.0,0.0,290.0,940.0,70.80,70.82,,,,,,,,
,4.83,1.99,0.0,0.0,0.0,320.0,930.0,68.32,68.19,,,,,,,,
,4.25,1.34,0.0,0.0,0.0,310.0,930.0,67.58,67.34,,,,,,,,
,4.33,1.16,0.0,0.0,0.0,360.0,920.0,66.28,66.89,,,,,,,,
,4.31,1.15,0.0,0.0,0.0,390.0,920.0,67.23,65.99,,,,,,,,
,4.14,1.13,0.0,6.3,0.0,410.0,920.0,62.33,61.23,,,,,,,,
,4.31,1.07,0.0,18.8,0.0,400.0,920.0,56.64,55.59,,,,,,,,
,4.11,0.98,0.0,25.0,0.0,390.0,920.0,52.81,52.09,,,,,,,,
,3.83,0.93,0.0,25.0,0.0,400.0,920.0,48.78,50.58,,,,,,,,
,4.14,0.91,0.0,25.0,0.0,420.0,920.0,48.17,50.49,,,,,,,,
,12.47,0.98,54.5,25.0,94.9,1140.0,900.0,50.29,49.97,,,,,,,,
,13.86,0.98,29.8,25.0,0.0,610.0,920.0,54.21,55.22,,,,,,,,
,12.22,1.05,29.8,25.0,0.0,510.0,930.0,62.45,62.86,,,,,,,,
,12.03,1.04,28.6,25.0,0.0,600.0,950.0,63.93,63.00,,,,,,,,
,11.86,1.02,28.6,25.0,0.0,750.0,950.0,57.66,57.22,,,,,,,,
,12.50,1.16,28.2,25.0,0.0,680.0,960.0,56.53,56.35,,,,,,,,
,12.72,1.19,28.2,25.0,0.0,600.0,960.0,59.00,59.15,,,,,,,,
,8.22,1.05,23.1,25.0,0.0,420.0,970.0,62.83,62.64,,,,,,,,
,6.64,1.07,8.6,25.0,0.0,340.0,960.0,62.50,62.64,,,,,,,,
,5.64,1.04,0.0,25.0,0.0,330.0,950.0,61.98,61.60,,,,,,,,
,5.06,1.02,0.0,25.0,0.0,310.0,940.0,62.63,62.09,,,,,,,,
,4.61,0.99,0.0,25.0,0.0,290.0,930.0,60.74,60.56,,,,,,,,
,4.39,1.01,0.0,25.0,0.0,290.0,930.0,59.47,59.11,,,,,,,,
,4.08,0.95,0.0,24.2,0.0,290.0,920.0,58.27,58.15,,,,,,,,
,4.53,1.02,0.0,22.7,0.0,300.0,920.0,57.04,56.82,,,,,,,,
,4.14,0.99,0.0,23.4,0.0,310.0,920.0,56.00,56.17,,,,,,,,
,4.47,1.00,0.0,24.2,0.0,310.0,920.0,54.92,54.98,,,,,,,,
,3.61,0.99,0.0,23.4,0.0,310.0,920.0,53.86,53.93,,,,,,,,
,3.86,0.98,0.0,23.4,0.0,360.0,920.0,54.52,53.38,,,,,,,,
,4.17,1.00,0.0,22.7,0.0,390.0,910.0,52.73,51.77,,,,,,,,
,4.00,1.01,0.0,23.4,0.0,400.0,910.0,49.24,50.95,,,,,,,,
,9.22,1.11,51.4,24.2,94.9,670.0,900.0,47.24,47.69,,,,,,,,
,6.17,1.05,9.4,25.0,0.0,440.0,920.0,51.41,52.36,,,,,,,,
,7.33,1.10,9.4,25.0,0.0,550.0,920.0,51.32,51.03,,,,,,,,
,7.36,1.13,12.5,25.0,0.0,480.0,920.0,54.25,53.07,,,,,,,,
,10.69,1.14,23.9,25.0,0.0,640.0,920.0,56.12,55.75,,,,,,,,
,14.67,1.18,35.3,25.0,0.0,860.0,920.0,56.98,58.71,,,,,,,,
,17.78,1.16,40.4,25.0,0.0,890.0,930.0,64.62,65.81,,,,,,,,
,22.67,1.26,46.3,25.0,0.0,930.0,960.0,71.28,72.84,,,,,,,,
,27.75,1.23,52.9,25.0,0.8,940.0,1000.0,80.24,81.70,,,,,,,,
,35.81,1.21,55.7,25.0,0.8,1030.0,1040.0,92.08,93.51,,,,,,,,
,44.00,1.20,56.1,25.0,0.8,1050.0,1090.0,103.58,104.82,,,,,,,,
,49.28,1.21,56.1,25.0,0.8,1080.0,1110.0,112.22,113.36,,,,,,,,
,58.28,1.15,56.1,25.0,0.8,1120.0,1100.0,118.28,118.43,,,,,,,,
,65.92,1.12,56.1,25.0,14.5,1310.0,1110.0,125.74,126.71,,,,,,,,
,82.31,1.03,61.6,25.0,37.6,1280.0,1170.0,132.16,130.64,,,,,,,,
,9.75,1.99,0.0,25.0,0.0,330.0,1240.0,116.20,116.16,,,,,,,,
,13.69,1.99,0.0,0.0,0.0,330.0,1040.0,115.84,115.86,,,,,,,,
,26.44,1.99,0.0,0.0,0.0,380.0,990.0,107.25,104.66,,,,,,,,
,56.78,1.46,49.4,0.0,43.1,1600.0,990.0,116.49,118.32,,,,,,,,
,68.61,1.13,89.4,0.0,53.3,1860.0,1240.0,119.62,121.16,,,,,,,,
,65.42,1.30,60.0,0.0,28.2,1480.0,1340.0,124.19,123.43,,,,,,,,
,74.36,1.41,56.9,0.0,45.1,1490.0,1360.0,126.04,126.91,,,,,,,,
,77.86,1.41,56.9,0.0,48.2,1520.0,1400.0,125.81,125.20,,,,,,,,
,77.08,1.41,56.5,0.0,45.1,1470.0,1420.0,128.13,129.10,,,,,,,,
,78.53,1.36,52.9,0.0,48.6,1360.0,1430.0,128.90,128.99,,,,,,,,
,6.69,1.99,12.9,0.0,0.0,520.0,1240.0,115.00,117.23,,,,,,,,
,12.28,1.99,0.0,0.0,0.0,330.0,1050.0,116.94,116.95,,,,,,,,
,10.83,1.99,0.0,0.0,0.0,330.0,990.0,116.78,116.74,,,,,,,,
,8.42,1.99,0.0,0.0,0.0,320.0,960.0,116.50,116.50,,,,,,,,
,6.83,1.99,0.0,0.0,0.0,300.0,950.0,116.40,116.28,,,,,,,,
,4.44,1.99,0.0,0.0,0.0,280.0,950.0,115.40,114.45,,,,,,,,
,4.53,1.99,0.0,0.0,0.0,330.0,940.0,111.08,111.17,,,,,,,,
,4.44,1.31,0.0,0.0,0.0,360.0,930.0,110.79,111.27,,,,,,,,
,4.72,1.13,0.0,0.0,0.0,380.0,930.0,110.47,109.34,,,,,,,,
,4.44,1.09,0.0,0.0,0.0,390.0,920.0,107.13,107.67,,,,,,,,
,4.56,1.03,0.0,8.6,0.0,380.0,920.0,102.18,100.91,,,,,,,,
,3.39,0.98,0.0,15.6,0.0,330.0,920.0,96.35,95.53,,,,,,,,
,4.00,0.91,0.0,17.2,0.0,380.0,920.0,94.03,94.25,,,,,,,,
,3.86,0.89,0.0,17.2,0.0,380.0,920.0,90.25,91.99,,,,,,,,
,3.83,0.88,0.0,16.4,0.0,380.0,920.0,87.60,86.50,,,,,,,,
,3.83,0.88,0.0,16.4,0.0,380.0,920.0,82.72,81.83,,,,,,,,
,3.69,0.89,0.0,17.2,0.0,380.0,910.0,78.97,78.25,,,,,,,,
,3.78,0.90,0.0,18.0,0.0,390.0,910.0,75.97,75.09,,,,,,,,
,3.86,0.89,0.0,18.8,0.0,380.0,910.0,71.76,71.68,,,,,,,,
,3.94,0.89,0.0,20.3,0.0,380.0,910.0,68.31,67.03,,,,,,,,
,3.89,0.88,0.0,21.1,0.0,380.0,910.0,64.50,63.25,,,,,,,,
,3.78,0.88,0.0,21.1,0.0,390.0,910.0,61.75,60.67,,,,,,,,
,3.86,0.88,0.0,21.1,0.0,390.0,910.0,56.55,57.21,,,,,,,,
,4.22,0.89,0.0,21.1,0.0,390.0,910.0,53.30,51.47,,,,,,,,
,4.14,0.90,0.0,22.7,0.0,380.0,910.0,49.82,48.68,,,,,,,,
,3.83,0.89,0.0,23.4,0.0,380.0,910.0,51.28,50.19,,,,,,,,
,3.72,0.88,0.0,24.2,0.0,380.0,910.0,51.46,50.42,,,,,,,,
,3.92,0.88,0.0,25.0,0.0,380.0,910.0,49.64,50.91,,,,,,,,
,3.92,0.92,0.0,25.0,0.0,380.0,910.0,50.13,48.75,,,,,,,,
,3.78,0.95,0.0,25.0,0.0,390.0,910.0,50.46,49.70,,,,,,,,
,3.94,0.97,0.0,25.0,0.0,380.0,910.0,48.80,51.27,,,,,,,,
,3.89,0.98,0.0,24.2,0.0,390.0,910.0,50.14,49.36,,,,,,,,
,4.22,0.98,0.0,24.2,0.0,430.0,910.0,50.92,49.09,,,,,,,,
,15.50,1.06,36.9,23.4,0.8,920.0,910.0,49.76,51.22,,,,,,,,
,18.53,1.16,33.3,25.0,0.0,710.0,920.0,57.90,58.47,,,,,,,,
,15.94,1.19,28.2,25.0,0.0,680.0,970.0,65.64,66.37,,,,,,,,
,15.19,1.16,27.5,25.0,0.0,710.0,980.0,66.16,65.57,,,,,,,,
,14.47,1.16,27.5,25.0,0.0,740.0,980.0,63.43,63.16,,,,,,,,
,15.06,1.11,25.5,25.0,0.0,700.0,990.0,65.64,66.13,,,,,,,,
,24.36,1.19,41.6,25.0,0.8,1010.0,980.0,74.36,73.33,,,,,,,,
,34.06,1.15,42.7,25.0,4.3,1190.0,1020.0,79.72,81.83,,,,,,,,
,47.89,1.13,56.5,25.0,91.0,1540.0,1110.0,91.08,92.66,,,,,,,,
,60.33,1.13,57.3,25.0,61.2,1640.0,1270.0,105.92,106.64,,,,,,,,
,71.78,1.16,57.6,25.0,46.3,1660.0,1420.0,119.27,120.40,,,,,,,,
,84.44,1.09,57.6,25.0,54.5,1680.0,1440.0,128.05,127.55,,,,,,,,
,94.00,1.05,57.6,25.0,57.3,1630.0,1500.0,134.28,130.12,,,,,,,,
,124.44,0.92,57.6,25.0,58.4,1640.0,1540.0,131.07,135.34,,,,,,,,
,155.39,0.72,94.9,24.2,94.9,2250.0,1610.0,159.32,166.05,,,,,,,,
,157.81,0.73,94.9,9.4,94.9,2250.0,1550.0,179.02,178.86,,,,,,,,
,21.58,1.99,85.1,8.6,92.2,580.0,1420.0,183.35,187.35,,,,,,,,
,20.92,1.99,0.0,0.0,0.0,320.0,1180.0,194.56,190.80,,,,,,,,
,37.25,1.99,0.0,0.0,0.0,330.0,1040.0,177.28,173.72,,,,,,,,
,115.08,0.98,63.5,0.0,87.8,2170.0,1040.0,156.01,158.44,,,,,,,,
,132.94,0.77,97.3,18.0,94.9,2270.0,1610.0,138.53,138.17,,,,,,,,
,142.61,0.75,99.6,25.0,80.4,2260.0,1820.0,137.83,133.87,,,,,,,,
,145.39,0.74,99.6,25.0,83.9,2250.0,1810.0,141.10,140.36,,,,,,,,
,154.97,0.76,93.3,25.0,94.9,2260.0,1740.0,142.16,141.60,,,,,,,,
,23.94,1.02,29.0,19.5,0.0,700.0,1740.0,184.46,186.68,,,,,,,,
,20.36,1.01,0.0,25.0,0.0,320.0,1110.0,184.99,185.32,,,,,,,,
,22.11,1.00,0.0,25.0,0.0,320.0,1030.0,185.26,186.04,,,,,,,,
,22.14,1.02,0.0,25.0,0.0,320.0,1030.0,180.21,176.46,,,,,,,,
,19.86,1.99,0.0,25.0,0.0,320.0,1030.0,156.29,156.33,,,,,,,,
,20.56,1.99,0.0,0.0,0.0,320.0,1000.0,156.24,156.27,,,,,,,,
,19.11,1.99,0.0,0.0,0.0,320.0,1020.0,155.98,156.07,,,,,,,,
,17.14,1.99,0.0,0.0,0.0,320.0,1020.0,155.80,155.74,,,,,,,,
,16.67,1.99,0.0,0.0,0.0,330.0,1010.0,155.66,155.59,,,,,,,,
,15.36,1.99,0.0,0.0,0.0,320.0,1010.0,155.35,155.51,,,,,,,,
,14.08,1.99,0.0,0.0,0.0,320.0,1010.0,155.11,155.10,,,,,,,,
,13.67,1.99,0.0,0.0,0.0,330.0,1000.0,154.86,154.99,,,,,,,,
,12.33,1.99,0.0,0.0,0.0,330.0,990.0,154.78,154.85,,,,,,,,
,10.53,1.99,0.0,0.0,0.0,330.0,980.0,154.58,154.54,,,,,,,,
,7.72,1.99,0.0,0.0,0.0,320.0,970.0,154.42,154.42,,,,,,,,
,5.86,1.99,0.0,0.0,0.0,300.0,960.0,154.25,154.17,,,,,,,,
,4.11,1.99,0.0,0.0,0.0,280.0,960.0,154.12,153.51,,,,,,,,
,4.31,1.99,0.0,0.0,0.0,320.0,950.0,143.40,142.22,,,,,,,,
,4.25,1.21,0.0,0.0,0.0,350.0,930.0,142.22,142.64,,,,,,,,
,4.28,1.02,0.0,0.0,0.0,370.0,930.0,143.29,143.57,,,,,,,,
,4.44,1.00,0.0,0.0,0.0,370.0,930.0,144.16,143.32,,,,,,,,
,4.61,0.98,0.0,1.6,0.0,370.0,920.0,143.64,144.02,,,,,,,,
,4.14,0.94,0.0,6.3,0.0,330.0,920.0,143.45,143.79,,,,,,,,
,4.25,0.88,0.0,7.8,0.0,350.0,920.0,143.72,145.59,,,,,,,,
,4.11,0.88,0.0,7.0,0.0,360.0,920.0,140.57,141.71,,,,,,,,
,3.97,0.89,0.0,7.0,0.0,360.0,920.0,136.79,136.33,,,,,,,,
,4.14,0.89,0.0,7.8,0.0,370.0,920.0,132.94,131.71,,,,,,,,
,4.08,0.88,0.0,8.6,0.0,370.0,920.0,129.02,127.68,,,,,,,,
,4.03,0.89,0.0,9.4,0.0,380.0,920.0,123.58,125.09,,,,,,,,
,4.19,0.89,0.0,10.2,0.0,380.0,910.0,119.64,121.06,,,,,,,,
,4.36,0.90,0.0,11.7,0.0,370.0,910.0,116.21,116.74,,,,,,,,
,3.81,0.90,0.0,12.5,0.0,390.0,910.0,112.10,110.96,,,,,,,,
,3.97,0.90,0.0,14.1,0.0,380.0,910.0,108.96,107.75,,,,,,,,
,4.08,0.90,0.0,14.8,0.0,390.0,910.0,104.93,103.85,,,,,,,,
,4.08,0.90,0.0,16.4,0.0,390.0,910.0,99.32,100.26,,,,,,,,
,4.11,0.89,0.0,17.2,0.0,390.0,910.0,96.36,94.33,,,,,,,,
,4.14,0.88,0.0,18.0,0.0,390.0,910.0,93.15,91.76,,,,,,,,
,3.97,0.88,0.0,18.0,0.0,390.0,910.0,88.78,88.03,,,,,,,,
,3.81,0.87,0.0,18.0,0.0,390.0,910.0,82.98,84.07,,,,,,,,
,3.83,0.87,0.0,18.0,0.0,390.0,910.0,80.46,79.95,,,,,,,,
,3.92,0.92,0.0,18.8,0.0,390.0,910.0,77.28,75.76,,,,,,,,
,3.97,0.97,0.0,19.5,0.0,400.0,910.0,73.21,72.36,,,,,,,,
,4.28,0.99,0.0,20.3,0.0,390.0,910.0,69.18,70.14,,,,,,,,
,3.89,1.00,0.0,21.9,0.0,390.0,910.0,65.80,66.42,,,,,,,,
,4.11,1.00,0.0,21.9,0.0,390.0,910.0,63.11,62.33,,,,,,,,
,4.00,0.99,0.0,21.9,0.0,390.0,910.0,60.07,58.91,,,,,,,,
,3.97,0.98,0.0,21.9,0.0,390.0,910.0,55.74,55.44,,,,,,,,
,4.08,0.98,0.0,21.1,0.0,410.0,910.0,52.54,50.86,,,,,,,,
,4.17,0.98,0.0,20.3,0.0,400.0,910.0,50.00,48.92,,,,,,,,
,3.92,0.99,0.0,20.3,0.0,400.0,910.0,47.46,50.73,,,,,,,,
,4.31,0.99,0.0,20.3,0.0,400.0,910.0,49.76,51.75,,,,,,,,
,4.19,0.99,0.0,20.3,0.0,400.0,910.0,50.63,49.20,,,,,,,,
,4.06,1.00,0.0,20.3,0.0,400.0,910.0,49.57,50.14,,,,,,,,
,4.11,0.99,0.0,20.3,0.0,400.0,910.0,49.36,51.31,,,,,,,,
,4.06,0.99,0.0,20.3,0.0,400.0,910.0,49.68,49.80,,,,,,,,
,4.14,0.98,0.0,20.3,0.0,400.0,910.0,51.32,50.39,,,,,,,,
,4.03,0.99,0.0,20.3,0.0,400.0,910.0,50.34,49.73,,,,,,,,
,4.25,0.99,0.0,19.5,0.0,400.0,910.0,49.33,51.32,,,,,,,,
,4.08,0.99,0.0,19.5,0.0,400.0,910.0,48.83,50.41,,,,,,,,
,4.06,0.99,0.0,19.5,0.0,400.0,910.0,51.22,49.20,,,,,,,,
,4.28,0.99,0.0,19.5,0.0,400.0,910.0,50.86,49.20,,,,,,,,
,4.00,0.98,0.0,18.8,0.0,400.0,910.0,50.29,50.26,,,,,,,,
,4.36,0.99,0.0,18.8,0.0,400.0,910.0,49.24,50.86,,,,,,,,
,4.31,0.99,0.0,18.8,0.0,400.0,910.0,49.94,50.34,,,,,,,,
,4.33,1.00,0.0,18.8,0.0,400.0,910.0,50.46,49.61,,,,,,,,
,4.11,0.99,0.0,18.8,0.0,400.0,910.0,51.26,50.37,,,,,,,,
,4.11,0.99,0.0,18.8,0.0,400.0,910.0,49.65,50.95,,,,,,,,
,4.22,0.98,0.0,18.8,0.0,400.0,910.0,48.66,50.92,,,,,,,,
,12.78,0.99,14.1,18.0,0.0,1000.0,910.0,48.11,48.19,,,,,,,,
,16.58,1.10,54.9,18.0,82.7,760.0,900.0,53.27,54.48,,,,,,,,
,7.78,0.99,0.0,25.0,0.0,310.0,950.0,66.04,65.83,,,,,,,,
,6.08,1.99,0.0,0.0,0.0,290.0,940.0,68.20,68.34,,,,,,,,
,4.11,1.99,0.0,0.0,0.0,280.0,930.0,65.39,65.38,,,,,,,,
,4.58,1.30,0.0,0.0,0.0,320.0,930.0,64.79,64.33,,,,,,,,
,5.36,1.05,0.0,0.0,0.0,360.0,920.0,64.05,64.01,,,,,,,,
,13.33,1.02,17.6,0.0,0.0,760.0,920.0,61.72,61.72,,,,,,,,
,31.83,1.05,47.1,8.6,60.0,1250.0,900.0,69.59,69.65,,,,,,,,
,9.19,0.88,29.0,25.0,0.0,300.0,1070.0,78.83,79.02,,,,,,,,
,11.78,1.99,0.0,25.0,0.0,330.0,1000.0,79.83,79.85,,,,,,,,
,9.22,1.99,0.0,0.0,0.0,330.0,970.0,80.12,80.15,,,,,,,,
,7.36,1.99,0.0,0.0,0.0,300.0,960.0,80.15,80.09,,,,,,,,
,5.03,1.99,0.0,0.0,0.0,290.0,950.0,78.73,78.00,,,,,,,,
,7.86,1.65,5.5,0.0,0.0,390.0,940.0,75.85,75.21,,,,,,,,
,21.11,1.13,29.4,0.0,0.0,790.0,920.0,73.04,73.97,,,,,,,,
,30.94,0.97,38.4,15.6,0.8,960.0,940.0,89.12,90.89,,,,,,,,
,11.97,1.08,12.9,25.0,0.0,310.0,1040.0,87.74,89.03,,,,,,,,
,11.42,1.16,1.2,25.0,0.0,320.0,1000.0,83.34,82.64,,,,,,,,
,10.83,1.16,0.0,25.0,0.0,310.0,970.0,80.41,80.05,,,,,,,,
,9.44,1.11,0.0,25.0,0.0,300.0,960.0,78.58,78.14,,,,,,,,
,9.11,1.11,0.0,25.0,0.0,300.0,940.0,75.73,75.15,,,,,,,,
,7.83,1.04,0.0,25.0,0.0,310.0,950.0,72.71,72.31,,,,,,,,
,6.69,1.99,0.0,0.0,0.0,300.0,940.0,73.04,73.07,,,,,,,,
,4.97,1.99,0.0,0.0,0.0,290.0,950.0,73.12,73.07,,,,,,,,
,3.39,1.99,0.0,0.0,0.0,280.0,940.0,70.92,70.80,,,,,,,,
,3.92,1.99,0.0,0.0,0.0,300.0,930.0,69.58,69.78,,,,,,,,
,3.81,1.13,0.0,0.0,0.0,310.0,930.0,69.05,69.16,,,,,,,,
,3.53,1.00,0.0,0.0,0.0,310.0,920.0,66.97,68.43,,,,,,,,
,3.44,0.95,0.0,0.0,0.0,320.0,920.0,66.53,67.74,,,,,,,,
,3.83,0.91,0.0,0.0,0.0,360.0,920.0,63.84,63.90,,,,,,,,
,3.53,0.91,0.0,0.0,0.0,350.0,920.0,58.47,59.04,,,,,,,,
,3.44,0.93,0.0,1.6,0.0,350.0,920.0,56.64,55.68,,,,,,,,
,3.44,0.94,0.0,3.9,0.0,350.0,910.0,52.12,50.74,,,,,,,,
,3.50,0.92,0.0,6.3,0.0,350.0,910.0,49.60,49.36,,,,,,,,
,3.44,0.91,0.0,7.8,0.0,350.0,910.0,46.71,49.76,,,,,,,,
,3.58,0.89,0.0,8.6,0.0,350.0,910.0,50.05,49.07,,,,,,,,
,3.94,0.88,0.0,8.6,0.0,370.0,910.0,50.50,49.04,,,,,,,,
,3.67,0.87,0.0,8.6,0.0,390.0,910.0,48.48,51.31,,,,,,,,
,3.67,0.88,0.0,8.6,0.0,370.0,910.0,50.37,48.71,,,,,,,,
,3.75,0.88,0.0,8.6,0.0,370.0,910.0,50.80,49.81,,,,,,,,
,3.75,0.88,0.0,9.4,0.0,370.0,910.0,51.43,50.37,,,,,,,,
,3.83,0.88,0.0,9.4,0.0,370.0,910.0,48.56,50.71,,,,,,,,
,3.75,0.88,0.0,10.2,0.0,370.0,910.0,48.97,51.04,,,,,,,,
,3.72,0.88,0.0,10.2,0.0,370.0,910.0,50.02,48.43,,,,,,,,
,3.81,0.88,0.0,10.9,0.0,370.0,910.0,51.27,50.22,,,,,,,,
,4.03,0.88,0.0,10.9,0.0,370.0,910.0,48.54,50.91,,,,,,,,
,3.75,0.86,0.0,10.9,0.0,380.0,910.0,49.77,51.12,,,,,,,,
,3.81,0.86,0.0,10.9,0.0,370.0,910.0,49.82,51.23,,,,,,,,
,3.69,0.89,0.0,10.2,0.0,380.0,910.0,50.13,49.41,,,,,,,,
,3.69,0.94,0.0,10.9,0.0,380.0,910.0,49.92,49.29,,,,,,,,
,4.00,0.97,0.0,10.9,0.0,380.0,910.0,48.43,50.40,,,,,,,,
,3.83,0.98,0.0,11.7,0.0,370.0,910.0,49.53,51.14,,,,,,,,
,3.83,0.98,0.0,11.7,0.0,370.0,910.0,50.13,49.36,,,,,,,,
,3.86,0.98,0.0,10.9,0.0,380.0,910.0,51.10,49.56,,,,,,,,
,3.67,0.97,0.0,10.2,0.0,390.0,910.0,49.60,51.10,,,,,,,,
,3.67,0.97,0.0,9.4,0.0,380.0,910.0,49.70,50.34,,,,,,,,
,3.72,0.98,0.0,8.6,0.0,380.0,910.0,50.86,50.10,,,,,,,,
,3.75,1.00,0.0,8.6,0.0,370.0,910.0,48.85,50.93,,,,,,,,
,3.64,1.01,0.0,9.4,0.0,360.0,910.0,49.64,49.04,,,,,,,,
,3.72,1.00,0.0,10.2,0.0,360.0,910.0,49.52,48.83,,,,,,,,
,3.69,0.99,0.0,10.2,0.0,370.0,910.0,50.79,49.70,,,,,,,,
,3.58,0.98,0.0,10.2,0.0,360.0,910.0,50.75,50.49,,,,,,,,
,3.56,0.97,0.0,9.4,0.0,370.0,910.0,49.64,51.02,,,,,,,,
,3.56,0.98,0.0,7.8,0.0,360.0,910.0,50.80,49.41,,,,,,,,
,3.44,0.99,0.0,7.8,0.0,370.0,910.0,50.17,50.92,,,,,,,,
,3.64,1.00,0.0,7.8,0.0,360.0,910.0,49.73,48.92,,,,,,,,
,3.78,1.02,0.0,7.8,0.0,380.0,910.0,50.22,49.27,,,,,,,,
,3.69,1.00,0.0,8.6,0.0,360.0,910.0,51.60,50.49,,,,,,,,
,3.67,1.01,0.0,9.4,0.0,370.0,910.0,48.72,50.67,,,,,,,,
,3.69,1.00,0.0,9.4,0.0,360.0,910.0,49.44,48.75,,,,,,,,
,3.67,1.01,0.0,9.4,0.0,370.0,910.0,49.85,49.09,,,,,,,,
,3.72,1.00,0.0,10.2,0.0,360.0,910.0,50.29,49.94,,,,,,,,
,3.58,0.99,0.0,10.2,0.0,370.0,910.0,49.61,48.80,,,,,,,,
,3.64,0.98,0.0,10.2,0.0,360.0,910.0,50.39,49.64,,,,,,,,
,3.47,0.98,0.0,9.4,0.0,380.0,910.0,50.18,50.68,,,,,,,,
,3.69,0.98,0.0,8.6,0.0,370.0,910.0,49.27,50.70,,,,,,,,
,3.83,0.99,0.0,8.6,0.0,370.0,910.0,50.14,49.46,,,,,,,,
,3.89,0.99,0.0,8.6,0.0,370.0,910.0,50.87,50.10,,,,,,,,
,3.69,0.99,0.0,8.6,0.0,370.0,910.0,49.59,50.58,,,,,,,,
,3.86,0.99,0.0,8.6,0.0,380.0,910.0,50.34,49.36,,,,,,,,
,3.67,1.00,0.0,8.6,0.0,390.0,910.0,51.01,49.94,,,,,,,,
,12.28,0.99,4.7,8.6,0.0,1150.0,910.0,49.80,49.53,,,,,,,,
,15.81,1.18,34.9,9.4,0.8,920.0,900.0,51.90,52.67,,,,,,,,
,13.56,1.08,38.0,24.2,0.0,510.0,920.0,60.42,60.44,,,,,,,,
,3.11,1.13,17.6,25.0,0.0,320.0,950.0,58.54,58.33,,,,,,,,
,4.33,0.99,0.0,25.0,0.0,310.0,950.0,57.26,57.69,,,,,,,,
,3.69,0.94,0.0,25.0,0.0,300.0,930.0,55.14,54.82,,,,,,,,
,3.64,0.92,0.0,21.1,0.0,320.0,930.0,55.54,54.76,,,,,,,,
,3.67,0.91,0.0,18.0,0.0,360.0,920.0,53.02,53.02,,,,,,,,
,3.83,0.91,0.0,15.6,0.0,390.0,920.0,51.92,52.58,,,,,,,,
,3.89,0.92,0.0,13.3,0.0,380.0,920.0,49.17,47.46,,,,,,,,
,3.83,0.94,0.0,10.9,0.0,380.0,920.0,49.64,48.71,,,,,,,,
,4.00,0.93,0.0,9.4,0.0,380.0,920.0,48.80,51.10,,,,,,,,
,3.83,0.95,0.0,7.8,0.0,380.0,920.0,48.91,50.49,,,,,,,,
,9.08,0.99,10.2,7.0,0.0,720.0,910.0,49.73,48.22,,,,,,,,
,3.89,1.11,6.3,8.6,0.0,340.0,920.0,50.62,51.88,,,,,,,,
,3.67,1.05,0.0,17.2,0.0,350.0,920.0,52.57,51.85,,,,,,,,
,6.75,0.98,0.0,18.0,0.0,670.0,920.0,49.73,50.46,,,,,,,,
,8.81,0.99,0.0,15.6,0.8,820.0,920.0,50.55,49.76,,,,,,,,
,7.56,1.08,0.8,14.8,0.0,510.0,920.0,50.68,52.33,,,,,,,,
,7.19,1.09,0.0,21.9,0.0,380.0,920.0,57.44,58.09,,,,,,,,
,6.58,1.05,0.0,25.0,0.0,390.0,920.0,54.29,54.21,,,,,,,,
,5.56,1.06,0.0,25.0,0.0,380.0,920.0,53.61,53.48,,,,,,,,
,5.36,1.02,0.0,25.0,0.0,380.0,920.0,52.28,52.45,,,,,,,,
,4.72,0.99,0.0,25.0,0.0,380.0,920.0,51.55,50.72,,,,,,,,
,7.17,0.95,0.4,24.2,0.0,520.0,920.0,50.09,50.12,,,,,,,,
,9.33,0.98,12.9,21.9,0.0,500.0,920.0,55.18,55.42,,,,,,,,
,9.75,1.04,12.9,21.1,0.0,510.0,920.0,59.21,59.09,,,,,,,,
,14.19,1.10,24.3,25.0,0.0,750.0,920.0,61.84,62.50,,,,,,,,
,15.47,1.09,25.1,25.0,0.0,730.0,940.0,66.60,67.06,,,,,,,,
,15.58,1.13,25.1,25.0,0.0,740.0,960.0,67.28,66.89,,,,,,,,
,14.58,1.10,25.1,25.0,0.0,740.0,970.0,64.29,63.98,,,,,,,,
,14.03,1.13,25.1,25.0,0.0,780.0,980.0,61.04,61.11,,,,,,,,
,17.89,1.08,25.5,25.0,0.0,930.0,980.0,59.52,61.69,,,,,,,,
,25.44,1.13,40.8,25.0,39.6,1210.0,990.0,66.84,68.03,,,,,,,,
,36.28,1.12,51.4,25.0,87.1,1500.0,1030.0,72.89,74.55,,,,,,,,
,46.00,1.12,56.5,25.0,94.5,1560.0,1120.0,82.47,84.73,,,,,,,,
,54.92,1.12,56.1,25.0,52.9,1500.0,1300.0,97.18,97.65,,,,,,,,
,59.69,1.11,49.8,25.0,42.7,1300.0,1360.0,110.54,113.17,,,,,,,,
,76.33,1.05,49.8,25.0,42.7,1420.0,1360.0,123.82,126.22,,,,,,,,
,84.17,1.02,49.8,25.0,44.7,1350.0,1390.0,131.14,129.97,,,,,,,,
,90.22,1.02,48.2,25.0,43.9,1280.0,1390.0,128.29,132.51,,,,,,,,
,100.81,0.92,48.2,25.0,43.9,1240.0,1340.0,133.78,137.38,,,,,,,,
,114.89,0.93,48.2,17.2,50.6,1190.0,1320.0,182.02,181.83,,,,,,,,
,69.72,1.00,53.3,6.3,44.7,1030.0,1300.0,185.20,189.73,,,,,,,,
,19.53,1.99,0.0,0.0,0.0,320.0,1150.0,187.58,183.93,,,,,,,,
,22.19,1.83,0.0,0.0,0.0,330.0,1030.0,174.39,169.03,,,,,,,,
,100.14,1.04,48.2,0.0,64.3,1740.0,1000.0,154.12,153.77,,,,,,,,
,132.72,0.88,72.9,11.7,74.5,2010.0,1540.0,139.25,141.62,,,,,,,,
,141.83,0.85,73.3,18.8,83.1,2250.0,1770.0,142.03,138.68,,,,,,,,
,143.42,0.77,72.9,25.0,82.4,2240.0,1840.0,134.65,136.40,,,,,,,,
,148.92,0.74,87.8,23.4,87.8,2240.0,1790.0,140.86,141.67,,,,,,,,
,153.22,0.73,84.3,21.1,94.9,2240.0,1700.0,145.53,148.67,,,,,,,,
,157.03,0.76,82.7,11.7,94.9,2250.0,1630.0,175.97,178.53,,,,,,,,
,116.33,0.78,82.0,6.3,94.9,2250.0,1560.0,179.08,178.92,,,,,,,,
,14.42,1.99,0.0,0.0,0.0,320.0,1330.0,193.03,192.57,,,,,,,,
,19.03,1.99,0.0,0.0,0.0,330.0,1070.0,177.27,176.98,,,,,,,,
,85.81,1.17,26.7,0.0,0.8,1680.0,930.0,140.36,146.03,,,,,,,,
,128.19,0.80,87.1,16.4,83.1,2270.0,1450.0,135.59,137.32,,,,,,,,
,136.89,0.74,97.6,24.2,76.1,2260.0,1790.0,136.36,136.56,,,,,,,,
,139.81,0.74,97.6,23.4,80.8,2260.0,1850.0,136.25,134.84,,,,,,,,
,146.81,0.74,97.6,24.2,83.1,2260.0,1830.0,136.59,135.60,,,,,,,,
,143.72,0.76,96.9,24.2,89.0,2260.0,1780.0,136.18,138.16,,,,,,,,
,151.92,0.73,96.9,23.4,94.9,2260.0,1760.0,137.97,138.39,,,,,,,,
,155.22,0.71,96.9,21.9,94.9,2260.0,1710.0,157.73,158.73,,,,,,,,
,157.89,0.73,96.5,9.4,94.9,2250.0,1660.0,178.48,177.27,,,,,,,,
,155.44,0.73,96.5,5.5,94.9,2250.0,1640.0,177.45,177.65,,,,,,,,
,156.94,0.73,90.6,5.5,94.9,2250.0,1610.0,178.37,178.62,,,,,,,,
,10.00,1.99,69.0,4.7,93.3,770.0,1650.0,181.81,188.31,,,,,,,,
,19.17,1.99,0.0,0.0,0.0,320.0,1180.0,181.98,176.31,,,,,,,,
,78.58,1.13,0.0,0.0,0.0,1580.0,950.0,149.18,132.90,,,,,,,,
,129.00,0.81,99.6,16.4,89.4,2280.0,1400.0,138.92,132.70,,,,,,,,
,137.22,0.75,99.6,24.2,77.3,2260.0,1820.0,134.50,136.18,,,,,,,,
,139.67,0.74,99.6,24.2,82.4,2260.0,1890.0,133.00,131.43,,,,,,,,
,138.00,0.76,99.6,24.2,83.1,2260.0,1880.0,135.00,133.72,,,,,,,,
,145.97,0.74,99.6,25.0,83.1,2240.0,1870.0,129.63,133.89,,,,,,,,
,142.08,0.76,96.9,25.0,87.5,2240.0,1860.0,133.38,134.01,,,,,,,,
,149.86,0.74,92.5,25.0,87.5,2240.0,1840.0,134.13,133.62,,,,,,,,
,149.25,0.75,92.5,25.0,90.2,2250.0,1820.0,131.73,133.22,,,,,,,,
,153.47,0.74,92.5,25.0,91.4,2250.0,1800.0,135.16,133.08,,,,,,,,
,31.83,0.70,64.3,25.0,92.9,1150.0,1810.0,136.45,142.08,,,,,,,,
,12.44,1.99,0.0,18.8,0.0,330.0,1330.0,177.96,177.59,,,,,,,,
,16.64,1.99,0.0,0.0,0.0,320.0,1070.0,176.47,176.26,,,,,,,,
,15.53,1.99,0.0,0.0,0.0,320.0,1010.0,175.82,175.76,,,,,,,,
,13.97,1.99,0.0,0.0,0.0,330.0,980.0,175.49,175.38,,,,,,,,
,13.75,1.99,0.0,0.0,0.0,330.0,960.0,175.24,175.12,,,,,,,,
,13.67,1.99,0.0,0.0,0.0,330.0,970.0,174.92,174.80,,,,,,,,
,13.08,1.99,0.0,0.0,0.0,330.0,970.0,174.64,174.60,,,,,,,,
,13.06,1.99,0.0,0.0,0.0,330.0,970.0,174.38,174.36,,,,,,,,
,12.69,1.99,0.0,0.0,0.0,330.0,970.0,174.08,174.07,,,,,,,,
,12.19,1.99,0.0,0.0,0.0,330.0,970.0,173.89,173.87,,,,,,,,
,12.44,1.99,0.0,0.0,0.0,330.0,970.0,173.65,173.62,,,,,,,,
,11.78,1.99,0.0,0.0,0.0,330.0,970.0,173.41,173.38,,,,,,,,
,11.92,1.99,0.0,0.0,0.0,330.0,970.0,173.21,173.17,,,,,,,,
,11.94,1.99,0.0,0.0,0.0,330.0,970.0,172.92,172.89,,,,,,,,
,11.56,1.99,0.0,0.0,0.0,330.0,970.0,172.72,172.60,,,,,,,,
,11.31,1.99,0.0,0.0,0.0,330.0,970.0,172.47,172.40,,,,,,,,
,12.00,1.99,0.0,0.0,0.0,330.0,970.0,172.20,172.18,,,,,,,,
,10.83,1.99,0.0,0.0,0.0,330.0,970.0,171.91,171.82,,,,,,,,
,11.14,1.99,0.0,0.0,0.0,330.0,970.0,171.71,171.70,,,,,,,,
,10.86,1.99,0.0,0.0,0.0,330.0,970.0,171.46,171.50,,,,,,,,
,11.00,1.99,0.0,0.0,0.0,330.0,970.0,171.22,171.28,,,,,,,,
,11.08,1.99,0.0,0.0,0.0,330.0,970.0,170.90,170.82,,,,,,,,
,11.06,1.99,0.0,0.0,0.0,330.0,970.0,170.65,170.66,,,,,,,,
,11.06,1.99,0.0,0.0,0.0,330.0,970.0,170.48,170.45,,,,,,,,
,10.72,1.99,0.0,0.0,0.0,330.0,970.0,170.21,170.25,,,,,,,,
,10.89,1.99,0.0,0.0,0.0,330.0,970.0,170.00,170.00,,,,,,,,
,11.00,1.99,0.0,0.0,0.0,330.0,970.0,169.75,169.76,,,,,,,,
,10.50,1.99,0.0,0.0,0.0,330.0,970.0,169.50,169.50,,,,,,,,
,10.64,1.99,0.0,0.0,0.0,330.0,970.0,169.39,169.23,,,,,,,,
,10.58,1.99,0.0,0.0,0.0,330.0,970.0,169.13,168.95,,,,,,,,
,10.75,1.99,0.0,0.0,0.0,330.0,970.0,168.78,168.71,,,,,,,,
,10.25,1.99,0.0,0.0,0.0,330.0,970.0,168.52,168.50,,,,,,,,
,10.53,1.99,0.0,0.0,0.0,330.0,970.0,168.28,168.28,,,,,,,,
,10.08,1.99,0.0,0.0,0.0,330.0,970.0,168.04,168.08,,,,,,,,
,10.31,1.99,0.0,0.0,0.0,330.0,970.0,167.84,167.84,,,,,,,,
,10.22,1.99,0.0,0.0,0.0,330.0,970.0,167.71,167.73,,,,,,,,
,10.11,1.99,0.0,0.0,0.0,330.0,970.0,167.44,167.44,,,,,,,,
,10.06,1.99,0.0,0.0,0.0,330.0,970.0,167.24,167.30,,,,,,,,
,9.61,1.99,0.0,0.0,0.0,330.0,970.0,166.96,166.96,,,,,,,,
,9.86,1.99,0.0,0.0,0.0,330.0,970.0,166.71,166.74,,,,,,,,
,9.61,1.99,0.0,0.0,0.0,330.0,960.0,166.50,166.42,,,,,,,,
,9.86,1.99,0.0,0.0,0.0,330.0,960.0,166.33,166.33,,,,,,,,
,9.31,1.99,0.0,0.0,0.0,330.0,960.0,166.09,166.08,,,,,,,,
,10.08,1.99,0.0,0.0,0.0,320.0,960.0,165.84,165.78,,,,,,,,
,10.28,1.99,0.0,0.0,0.0,320.0,960.0,165.71,162.56,,,,,,,,
,38.42,1.03,32.9,0.0,0.0,920.0,940.0,143.93,143.55,,,,,,,,
,36.19,0.91,35.3,12.5,0.0,880.0,1090.0,140.96,132.67,,,,,,,,
,32.86,0.95,34.9,25.0,0.0,890.0,1130.0,130.73,130.95,,,,,,,,
,11.11,1.02,20.4,25.0,0.0,420.0,1090.0,123.79,123.24,,,,,,,,
,9.36,1.07,15.3,25.0,0.0,310.0,1010.0,122.06,125.85,,,,,,,,
,9.89,1.09,4.7,25.0,0.0,300.0,970.0,121.09,119.81,,,,,,,,
,10.06,1.10,0.0,25.0,0.0,320.0,950.0,118.39,116.79,,,,,,,,
,10.19,1.49,0.0,25.0,0.0,320.0,950.0,117.04,117.14,,,,,,,,
,10.08,1.99,0.0,0.0,0.0,320.0,950.0,115.72,115.76,,,,,,,,
,9.39,1.99,0.0,0.0,0.0,320.0,960.0,115.98,116.04,,,,,,,,
,9.44,1.99,0.0,0.0,0.0,320.0,960.0,116.10,116.16,,,,,,,,
,9.22,1.99,0.0,0.0,0.0,320.0,960.0,116.16,116.29,,,,,,,,
,9.61,1.99,0.0,0.0,0.0,310.0,960.0,116.30,116.33,,,,,,,,
,9.03,1.99,0.0,0.0,0.0,310.0,960.0,116.52,116.45,,,,,,,,
,9.11,1.99,0.0,0.0,0.0,310.0,960.0,116.58,116.52,,,,,,,,
,8.67,1.99,0.0,0.0,0.0,310.0,960.0,116.53,116.53,,,,,,,,
,9.39,1.99,0.0,0.0,0.0,310.0,960.0,116.66,116.53,,,,,,,,
,8.83,1.99,0.0,0.0,0.0,310.0,950.0,116.59,116.62,,,,,,,,
,8.86,1.99,0.0,0.0,0.0,310.0,950.0,116.74,116.77,,,,,,,,
,8.89,1.99,0.0,0.0,0.0,310.0,950.0,116.77,116.77,,,,,,,,
,9.06,1.99,0.0,0.0,0.0,310.0,950.0,116.77,116.71,,,,,,,,
,8.58,1.99,0.0,0.0,0.0,310.0,950.0,116.78,116.90,,,,,,,,
,8.61,1.99,0.0,0.0,0.0,320.0,950.0,116.82,116.83,,,,,,,,
,8.64,1.99,0.0,0.0,0.0,320.0,950.0,116.89,116.89,,,,,,,,
,8.67,1.99,0.0,0.0,0.0,320.0,950.0,116.94,116.96,,,,,,,,
,8.50,1.99,0.0,0.0,0.0,320.0,950.0,116.96,117.03,,,,,,,,
,8.17,1.99,0.0,0.0,0.0,320.0,950.0,117.01,117.01,,,,,,,,
,8.31,1.99,0.0,0.0,0.0,320.0,950.0,116.99,117.03,,,,,,,,
,8.14,1.99,0.0,0.0,0.0,310.0,950.0,117.03,117.01,,,,,,,,
,7.72,1.99,0.0,0.0,0.0,310.0,950.0,117.03,117.03,,,,,,,,
,8.17,1.99,0.0,0.0,0.0,310.0,950.0,117.13,117.23,,,,,,,,
,8.11,1.99,0.0,0.0,0.0,310.0,950.0,117.17,117.23,,,,,,,,
,7.47,1.99,0.0,0.0,0.0,310.0,950.0,117.20,117.23,,,,,,,,
,7.78,1.99,0.0,0.0,0.0,310.0,950.0,117.27,117.26,,,,,,,,
,7.67,1.99,0.0,0.0,0.0,310.0,950.0,117.28,117.26,,,,,,,,
,7.14,1.99,0.0,0.0,0.0,310.0,950.0,117.27,117.27,,,,,,,,
,7.39,1.99,0.0,0.0,0.0,300.0,950.0,117.35,117.26,,,,,,,,
,6.92,1.99,0.0,0.0,0.0,300.0,950.0,117.38,117.26,,,,,,,,
,7.28,1.99,0.0,0.0,0.0,300.0,950.0,117.35,117.42,,,,,,,,
,6.72,1.99,0.0,0.0,0.0,300.0,950.0,117.39,117.45,,,,,,,,
,6.81,1.99,0.0,0.0,0.0,300.0,950.0,117.43,117.44,,,,,,,,
,6.39,1.99,0.0,0.0,0.0,300.0,950.0,117.44,117.44,,,,,,,,
,6.56,1.99,0.0,0.0,0.0,300.0,950.0,117.51,117.47,,,,,,,,
,6.56,1.99,0.0,0.0,0.0,300.0,950.0,117.55,117.51,,,,,,,,
,6.53,1.99,0.0,0.0,0.0,290.0,950.0,117.56,117.55,,,,,,,,
,7.44,1.35,8.6,0.0,0.0,320.0,950.0,112.50,112.59,,,,,,,,
,12.81,1.12,16.5,0.0,0.0,460.0,940.0,111.15,110.71,,,,,,,,
,6.11,0.96,0.0,7.0,0.0,280.0,950.0,109.81,108.96,,,,,,,,
,6.03,0.95,0.0,17.2,0.0,290.0,950.0,104.70,104.58,,,,,,,,
,6.42,1.03,0.0,21.9,0.0,290.0,940.0,104.48,104.44,,,,,,,,
,6.33,1.99,0.0,0.0,0.0,290.0,940.0,102.90,102.86,,,,,,,,
,6.61,1.99,0.0,0.0,0.0,290.0,940.0,103.10,103.10,,,,,,,,
,6.53,1.99,0.0,0.0,0.0,290.0,950.0,103.36,103.31,,,,,,,,
,6.25,1.99,0.0,0.0,0.0,290.0,950.0,103.46,103.40,,,,,,,,
,26.78,1.99,0.0,0.0,0.0,290.0,950.0,102.40,100.17,,,,,,,,
,31.42,1.16,70.6,0.0,94.9,2080.0,950.0,109.34,109.69,,,,,,,,
,31.64,1.20,42.0,0.0,71.4,1280.0,1050.0,107.31,106.11,,,,,,,,
,32.53,1.30,40.4,0.0,49.0,1300.0,1120.0,106.88,107.31,,,,,,,,
,33.19,1.41,40.8,0.0,50.6,1310.0,1150.0,107.22,107.29,,,,,,,,
,34.61,1.39,40.8,0.0,50.6,1310.0,1170.0,107.43,107.22,,,,,,,,
,37.56,1.40,41.2,0.0,75.7,1750.0,1190.0,109.53,109.59,,,,,,,,
,39.67,1.35,69.8,0.0,94.9,2110.0,1210.0,110.30,111.27,,,,,,,,
,15.89,1.41,36.9,0.0,0.0,640.0,1180.0,105.65,105.60,,,,,,,,
,36.25,1.34,0.0,0.0,0.0,2180.0,1080.0,103.60,105.11,,,,,,,,
,20.56,0.95,12.9,18.8,0.0,320.0,1150.0,104.08,101.48,,,,,,,,
,10.61,1.02,7.8,23.4,0.0,320.0,1050.0,98.22,98.03,,,,,,,,
,21.72,1.02,5.9,25.0,0.0,470.0,1020.0,96.14,95.21,,,,,,,,
,59.36,1.08,35.7,25.0,56.5,1700.0,970.0,104.09,106.93,,,,,,,,
,52.78,1.09,66.3,25.0,32.5,1280.0,1330.0,119.03,120.19,,,,,,,,
,25.97,1.06,40.0,25.0,21.6,960.0,1290.0,112.64,111.29,,,,,,,,
,8.47,1.08,0.0,25.0,0.0,320.0,1110.0,101.12,98.56,,,,,,,,
,8.61,1.05,0.0,25.0,0.0,320.0,1020.0,98.14,97.65,,,,,,,,
,8.64,0.96,11.4,25.0,0.0,310.0,1000.0,99.68,98.89,,,,,,,,
,8.67,0.99,0.0,21.9,0.0,310.0,980.0,93.39,92.97,,,,,,,,
,8.64,1.02,0.0,21.9,0.0,320.0,960.0,90.16,90.01,,,,,,,,
,8.75,1.13,0.0,21.9,0.0,320.0,950.0,88.54,88.95,,,,,,,,
,8.47,1.99,0.0,0.0,0.0,320.0,950.0,86.88,86.92,,,,,,,,
,8.67,1.99,0.0,0.0,0.0,320.0,950.0,87.17,87.15,,,,,,,,
,8.53,1.99,0.0,0.0,0.0,320.0,950.0,87.24,87.24,,,,,,,,
,8.31,1.99,0.0,0.0,0.0,320.0,950.0,87.37,87.40,,,,,,,,
,8.42,1.99,0.0,0.0,0.0,310.0,950.0,87.45,87.48,,,,,,,,
,8.22,1.99,0.0,0.0,0.0,310.0,950.0,87.51,87.53,,,,,,,,
,8.42,1.99,0.0,0.0,0.0,310.0,950.0,87.66,87.66,,,,,,,,
,8.33,1.99,0.0,0.0,0.0,310.0,950.0,87.72,87.69,,,,,,,,
,8.06,1.99,0.0,0.0,0.0,310.0,950.0,87.80,87.74,,,,,,,,
,8.28,1.99,0.0,0.0,0.0,310.0,950.0,87.84,87.93,,,,,,,,
,7.78,1.99,0.0,0.0,0.0,310.0,950.0,87.99,87.92,,,,,,,,
,34.64,1.27,27.5,0.0,51.4,1780.0,890.0,92.32,93.94,,,,,,,,
,42.44,1.20,61.2,0.0,94.9,2010.0,1030.0,107.38,108.89,,,,,,,,
,47.94,1.31,59.2,0.0,94.9,1840.0,1170.0,114.10,113.70,,,,,,,,
,52.17,1.38,58.0,0.0,94.9,1790.0,1290.0,114.30,114.69,,,,,,,,
,55.03,1.39,56.5,0.0,93.7,1750.0,1380.0,115.52,115.31,,,,,,,,
,56.94,1.38,56.1,0.0,76.1,1760.0,1450.0,115.20,114.91,,,,,,,,
,62.19,1.45,55.7,0.0,65.5,1740.0,1550.0,115.45,115.91,,,,,,,,
,67.78,1.41,55.7,0.0,66.7,1770.0,1640.0,114.76,116.57,,,,,,,,
,69.36,1.41,55.7,0.0,68.2,1770.0,1700.0,115.48,115.55,,,,,,,,
,67.64,1.41,55.7,0.0,65.1,1770.0,1710.0,115.98,116.62,,,,,,,,
,69.78,1.41,55.7,0.0,65.9,1750.0,1720.0,116.71,116.30,,,,,,,,
,69.64,1.38,55.7,0.0,65.9,1760.0,1730.0,116.71,116.94,,,,,,,,
,71.06,1.38,60.4,0.0,62.4,1890.0,1740.0,116.62,117.81,,,,,,,,
,55.81,1.32,58.4,0.0,61.6,1390.0,1700.0,117.35,117.20,,,,,,,,
,49.92,1.38,45.5,0.0,42.0,1330.0,1510.0,117.88,117.55,,,,,,,,
,51.72,1.32,45.1,0.0,36.1,1280.0,1350.0,117.72,117.67,,,,,,,,
,53.00,1.41,45.1,0.0,35.3,1330.0,1320.0,118.01,117.57,,,,,,,,
,49.31,1.47,45.1,0.0,34.5,1270.0,1310.0,118.60,118.56,,,,,,,,
,45.56,1.38,45.1,0.0,33.3,1190.0,1290.0,119.21,116.85,,,,,,,,
,12.97,1.36,21.2,0.0,0.0,500.0,1140.0,106.78,106.11,,,,,,,,
,9.22,1.30,0.0,0.0,0.0,310.0,1040.0,104.29,101.80,,,,,,,,
,10.72,1.62,0.0,0.0,0.0,320.0,990.0,102.00,101.15,,,,,,,,
,9.83,1.88,0.0,0.0,0.0,320.0,980.0,99.32,100.14,,,,,,,,
,9.97,1.99,0.0,0.0,0.0,320.0,970.0,98.51,98.57,,,,,,,,
,10.31,1.99,0.0,0.0,0.0,320.0,970.0,98.81,98.71,,,,,,,,
,10.11,1.99,0.0,0.0,0.0,320.0,970.0,98.96,98.95,,,,,,,,
,9.67,1.99,0.0,0.0,0.0,320.0,970.0,99.07,99.19,,,,,,,,
,9.78,1.99,0.0,0.0,0.0,320.0,970.0,99.21,99.20,,,,,,,,
,9.67,1.99,0.0,0.0,0.0,320.0,960.0,99.36,99.26,,,,,,,,
,9.36,1.99,0.0,0.0,0.0,320.0,960.0,99.45,99.44,,,,,,,,
,9.33,1.99,0.0,0.0,0.0,320.0,960.0,99.50,99.53,,,,,,,,
,9.42,1.99,0.0,0.0,0.0,320.0,960.0,99.62,99.68,,,,,,,,
,9.47,1.99,0.0,0.0,0.0,320.0,960.0,99.68,99.73,,,,,,,,
,9.17,1.99,0.0,0.0,0.0,320.0,960.0,99.89,99.73,,,,,,,,
,8.86,1.99,0.0,0.0,0.0,310.0,960.0,99.85,99.86,,,,,,,,
,8.47,1.99,0.0,0.0,0.0,310.0,960.0,99.92,99.90,,,,,,,,
,8.92,1.99,0.0,0.0,0.0,310.0,950.0,99.93,99.93,,,,,,,,
,8.31,1.99,0.0,0.0,0.0,320.0,950.0,100.02,99.99,,,,,,,,
,8.25,1.99,0.0,0.0,0.0,310.0,950.0,100.05,100.09,,,,,,,,
,7.97,1.99,0.0,0.0,0.0,310.0,950.0,100.07,100.14,,,,,,,,
,8.06,1.99,0.0,0.0,0.0,310.0,950.0,100.17,100.18,,,,,,,,
,7.58,1.99,0.0,0.0,0.0,310.0,950.0,100.21,100.17,,,,,,,,
,7.44,1.99,0.0,0.0,0.0,300.0,950.0,100.19,100.23,,,,,,,,
,7.00,1.99,0.0,0.0,0.0,300.0,950.0,100.23,100.25,,,,,,,,
,6.75,1.99,0.0,0.0,0.0,300.0,950.0,100.26,100.25,,,,,,,,
,6.58,1.99,0.0,0.0,0.0,300.0,950.0,100.32,100.38,,,,,,,,
,6.11,1.99,0.0,0.0,0.0,290.0,950.0,100.34,100.37,,,,,,,,
,5.28,1.99,0.0,0.0,0.0,290.0,950.0,100.34,100.43,,,,,,,,
,4.75,1.99,0.0,0.0,0.0,310.0,950.0,97.88,97.41,,,,,,,,
,4.03,1.99,0.0,0.0,0.0,310.0,940.0,96.38,96.52,,,,,,,,
,3.64,1.38,0.0,0.0,0.0,310.0,930.0,95.40,95.40,,,,,,,,
,3.58,1.07,0.0,0.0,0.0,320.0,930.0,95.85,95.18,,,,,,,,
,3.42,1.00,0.0,0.0,0.0,330.0,920.0,95.10,93.79,,,,,,,,
,3.28,0.95,0.0,1.6,0.0,350.0,920.0,89.03,88.99,,,,,,,,
,3.64,0.91,0.0,3.9,0.0,380.0,920.0,83.57,84.10,,,,,,,,
,3.69,0.91,0.0,4.7,0.0,360.0,920.0,80.03,78.57,,,,,,,,
,3.69,0.91,0.0,5.5,0.0,360.0,920.0,77.47,76.58,,,,,,,,
,3.61,0.89,0.0,6.3,0.0,370.0,920.0,72.24,73.36,,,,,,,,
,3.86,0.89,0.0,7.0,0.0,360.0,920.0,69.84,68.73,,,,,,,,
,3.64,0.88,0.0,7.8,0.0,360.0,920.0,66.62,65.02,,,,,,,,
,9.56,0.98,56.5,7.0,94.9,970.0,900.0,59.59,60.13,,,,,,,,
,7.42,0.84,0.0,11.7,0.0,320.0,920.0,58.15,57.74,,,,,,,,
,10.94,0.95,17.3,10.2,0.0,470.0,920.0,62.96,62.39,,,,,,,,
,11.69,0.97,19.2,17.2,0.0,560.0,930.0,63.35,63.20,,,,,,,,
,11.31,0.92,19.2,25.0,0.0,550.0,940.0,64.86,65.10,,,,,,,,
,16.47,0.94,28.2,25.0,0.0,790.0,940.0,70.35,70.80,,,,,,,,
,17.86,1.02,31.0,25.0,0.0,790.0,970.0,76.78,77.84,,,,,,,,
,19.92,1.11,31.8,25.0,0.0,800.0,990.0,81.92,81.45,,,,,,,,
,21.19,1.11,31.8,25.0,0.0,780.0,1020.0,86.76,87.61,,,,,,,,
,21.58,1.13,31.8,25.0,0.0,750.0,1040.0,89.64,89.69,,,,,,,,
,22.17,1.08,30.6,25.0,0.0,730.0,1060.0,90.42,90.42,,,,,,,,
,18.94,1.09,29.0,25.0,0.0,640.0,1070.0,88.01,86.93,,,,,,,,
,17.75,1.02,25.5,25.0,0.0,600.0,1060.0,87.12,87.08,,,,,,,,
,17.64,1.08,24.7,25.0,0.0,550.0,1040.0,88.33,88.49,,,,,,,,
,17.39,1.05,24.3,25.0,0.0,550.0,1030.0,89.48,89.79,,,,,,,,
,17.67,1.07,24.3,25.0,0.0,540.0,1030.0,89.51,89.28,,,,,,,,
,18.50,1.06,24.3,25.0,0.0,540.0,1020.0,90.13,90.21,,,,,,,,
,21.06,1.07,25.5,25.0,0.0,600.0,1020.0,92.86,92.92,,,,,,,,
,21.44,1.05,27.5,25.0,0.0,610.0,1040.0,94.50,94.25,,,,,,,,
,22.69,1.05,28.2,25.0,0.0,620.0,1050.0,95.14,95.34,,,,,,,,
,12.11,1.05,25.9,25.0,0.0,410.0,1070.0,93.28,92.99,,,,,,,,
,11.25,1.04,14.1,25.0,0.0,330.0,1030.0,89.57,88.39,,,,,,,,
,11.08,1.05,14.9,25.0,0.0,320.0,1000.0,85.16,85.16,,,,,,,,
,13.56,0.99,15.3,25.0,0.0,340.0,980.0,82.64,82.17,,,,,,,,
,13.92,1.02,18.8,25.0,0.0,400.0,970.0,81.92,81.86,,,,,,,,
,14.50,1.02,19.2,25.0,0.0,390.0,980.0,83.44,83.46,,,,,,,,
,13.86,1.02,19.2,25.0,0.0,390.0,980.0,82.53,82.78,,,,,,,,
,9.89,0.94,17.6,25.0,0.0,340.0,980.0,79.95,79.95,,,,,,,,
,9.33,0.98,13.7,21.1,0.0,300.0,970.0,76.82,77.07,,,,,,,,
,9.53,0.97,12.5,18.0,0.0,300.0,960.0,76.87,77.43,,,,,,,,
,9.67,0.99,11.0,18.0,0.0,300.0,960.0,75.94,75.85,,,,,,,,
,9.83,0.98,8.2,18.0,0.0,300.0,950.0,76.62,75.64,,,,,,,,
,9.33,1.01,7.8,17.2,0.0,300.0,950.0,74.60,74.99,,,,,,,,
,9.69,0.97,7.8,18.0,0.0,300.0,950.0,73.82,74.09,,,,,,,,
,8.69,1.04,7.8,16.4,0.0,300.0,950.0,73.12,73.20,,,,,,,,
,8.75,0.98,7.8,18.0,0.0,300.0,940.0,72.63,72.60,,,,,,,,
,8.64,0.99,7.8,18.0,0.0,290.0,940.0,71.94,71.77,,,,,,,,
,8.78,0.98,7.8,16.4,0.0,290.0,940.0,71.67,71.76,,,,,,,,
,8.22,1.02,7.8,16.4,0.0,300.0,940.0,70.04,70.49,,,,,,,,
,8.58,0.97,7.8,17.2,0.0,300.0,940.0,69.84,69.70,,,,,,,,
,8.56,1.01,7.8,16.4,0.0,300.0,930.0,70.32,70.19,,,,,,,,
,8.39,0.98,7.8,15.6,0.0,300.0,930.0,70.23,70.02,,,,,,,,
,7.89,1.02,6.7,15.6,0.0,300.0,930.0,70.04,71.44,,,,,,,,
,8.03,0.98,0.0,16.4,0.0,310.0,930.0,69.41,69.67,,,,,,,,
,8.08,1.99,0.0,0.0,0.0,310.0,940.0,70.43,70.39,,,,,,,,
,7.89,1.99,0.0,0.0,0.0,310.0,940.0,70.55,70.55,,,,,,,,
,7.58,1.99,0.0,0.0,0.0,310.0,940.0,70.64,70.60,,,,,,,,
,6.56,1.99,0.0,0.0,0.0,300.0,950.0,70.81,70.80,,,,,,,,
,5.78,1.99,0.0,0.0,0.0,290.0,950.0,70.87,70.87,,,,,,,,
,4.72,1.99,0.0,0.0,0.0,290.0,950.0,70.89,70.88,,,,,,,,
,4.28,1.99,0.0,0.0,0.0,290.0,940.0,67.09,67.23,,,,,,,,
,4.06,1.47,0.0,0.0,0.0,300.0,930.0,67.10,66.97,,,,,,,,
,3.75,1.02,0.0,0.0,0.0,310.0,930.0,66.04,66.60,,,,,,,,
,3.53,0.93,0.0,0.0,0.0,320.0,920.0,64.45,65.75,,,,,,,,
,3.42,0.89,0.0,0.0,0.0,340.0,920.0,64.30,63.35,,,,,,,,
,3.44,0.88,0.0,-1.6,0.0,350.0,920.0,59.33,58.40,,,,,,,,
,3.61,0.90,0.0,-2.3,0.0,350.0,920.0,54.28,53.47,,,,,,,,
,3.44,0.89,0.0,-1.6,0.0,350.0,920.0,51.80,50.91,,,,,,,,
,3.81,0.88,0.0,-0.8,0.0,380.0,920.0,47.20,49.28,,,,,,,,
,5.36,0.88,0.0,-0.8,0.0,570.0,920.0,49.17,48.11,,,,,,,,
,6.78,0.98,37.6,0.0,0.0,430.0,910.0,48.70,52.82,,,,,,,,
,6.83,0.92,11.8,9.4,0.0,430.0,920.0,55.92,55.18,,,,,,,,
,10.81,0.95,17.6,11.7,0.0,620.0,920.0,55.86,56.29,,,,,,,,
,6.28,0.91,13.3,17.2,0.0,380.0,930.0,58.91,59.15,,,,,,,,
,4.47,0.84,4.7,19.5,0.0,340.0,930.0,56.29,55.37,,,,,,,,
,3.14,0.77,0.0,17.2,0.0,270.0,930.0,54.98,55.05,,,,,,,,
,3.53,0.76,0.0,11.7,0.0,290.0,930.0,52.29,52.38,,,,,,,,
,3.22,0.79,0.0,7.0,0.0,300.0,920.0,51.45,52.24,,,,,,,,
,3.44,0.84,0.0,4.7,0.0,330.0,920.0,51.68,50.37,,,,,,,,
,3.42,0.89,0.0,3.9,0.0,370.0,920.0,50.95,50.31,,,,,,,,
,6.03,0.93,0.0,3.9,0.0,720.0,920.0,49.21,48.14,,,,,,,,
,9.61,1.09,9.8,3.1,94.9,1000.0,910.0,49.39,49.60,,,,,,,,
,7.25,1.11,5.5,8.6,0.0,580.0,920.0,49.94,50.31,,,,,,,,
,8.31,1.03,5.1,14.8,0.0,650.0,930.0,50.91,51.59,,,,,,,,
,5.61,1.02,5.1,17.2,0.0,420.0,930.0,52.87,51.46,,,,,,,,
,9.53,0.97,7.5,17.2,0.0,640.0,930.0,50.54,51.36,,,,,,,,
,12.17,1.07,27.5,15.6,0.0,830.0,930.0,55.59,56.44,,,,,,,,
,18.11,1.05,34.9,20.3,0.8,960.0,930.0,61.17,62.74,,,,,,,,
,23.25,1.09,48.2,25.0,90.2,1320.0,960.0,66.49,67.64,,,,,,,,
,31.50,1.03,41.6,25.0,33.3,1100.0,1020.0,73.37,75.43,,,,,,,,
,25.67,1.04,34.5,25.0,0.0,830.0,1070.0,82.15,84.39,,,,,,,,
,37.39,1.07,40.0,25.0,0.8,1030.0,1090.0,99.04,100.51,,,,,,,,
,28.31,1.07,34.1,25.0,0.0,740.0,1100.0,100.66,100.17,,,,,,,,
,33.08,1.05,32.2,25.0,0.0,690.0,1060.0,101.03,100.71,,,,,,,,
,9.72,1.02,33.3,25.0,0.0,350.0,1110.0,96.14,95.83,,,,,,,,
,9.64,0.98,0.0,25.0,0.0,320.0,1020.0,91.38,90.90,,,,,,,,
,27.56,1.00,0.4,24.2,0.0,500.0,1000.0,88.98,90.19,,,,,,,,
,25.00,0.97,33.7,22.7,0.0,680.0,1020.0,99.60,100.02,,,,,,,,
,22.72,1.09,15.7,20.3,0.0,510.0,1030.0,92.24,91.87,,,,,,,,
,19.06,0.99,26.3,25.0,0.0,620.0,1030.0,87.48,87.13,,,,,,,,
,33.94,1.06,37.6,25.0,0.8,1060.0,1020.0,97.36,100.61,,,,,,,,
,26.31,0.98,43.5,25.0,2.7,1020.0,1100.0,105.56,104.17,,,,,,,,
,26.39,1.05,31.8,25.0,0.0,730.0,1080.0,98.89,98.40,,,,,,,,
,28.53,1.02,32.2,25.0,0.0,730.0,1050.0,99.40,99.57,,,,,,,,
,16.81,1.05,27.5,25.0,0.0,490.0,1060.0,95.72,94.19,,,,,,,,
,17.56,1.04,21.6,25.0,0.0,460.0,1010.0,90.94,90.74,,,,,,,,
,13.44,1.06,20.8,25.0,0.0,410.0,990.0,87.45,87.05,,,,,,,,
,10.33,0.91,0.0,25.0,0.0,300.0,1010.0,84.06,84.07,,,,,,,,
,8.19,0.93,0.0,17.2,0.0,320.0,990.0,80.09,79.85,,,,,,,,
,7.03,1.99,0.0,0.0,0.0,310.0,970.0,80.82,80.94,,,,,,,,
,6.58,1.99,0.0,0.0,0.0,300.0,960.0,81.12,81.22,,,,,,,,
,6.67,1.99,0.0,0.0,0.0,290.0,960.0,81.37,81.37,,,,,,,,
,6.39,1.99,0.0,0.0,0.0,290.0,960.0,81.38,81.49,,,,,,,,
,6.19,1.99,0.0,0.0,0.0,290.0,950.0,81.54,81.59,,,,,,,,
,6.28,1.99,0.0,0.0,0.0,290.0,950.0,81.63,81.63,,,,,,,,
,6.06,1.99,0.0,0.0,0.0,290.0,950.0,81.68,81.71,,,,,,,,
,5.94,1.99,0.0,0.0,0.0,290.0,950.0,81.86,81.87,,,,,,,,
,6.06,1.99,0.0,0.0,0.0,290.0,950.0,81.86,81.83,,,,,,,,
,5.58,1.99,0.0,0.0,0.0,290.0,950.0,81.91,81.91,,,,,,,,
,5.69,1.99,0.0,0.0,0.0,290.0,950.0,81.98,82.10,,,,,,,,
,5.56,1.99,0.0,0.0,0.0,290.0,950.0,82.10,82.10,,,,,,,,
,5.78,1.99,0.0,0.0,0.0,290.0,950.0,82.11,82.13,,,,,,,,
,5.47,1.99,0.0,0.0,0.0,290.0,940.0,82.15,82.35,,,,,,,,
,5.14,1.99,0.0,0.0,0.0,290.0,940.0,82.31,82.28,,,,,,,,
,5.33,1.99,0.0,0.0,0.0,290.0,940.0,82.35,82.35,,,,,,,,
,5.00,1.99,0.0,0.0,0.0,290.0,940.0,82.32,82.35,,,,,,,,
,4.94,1.99,0.0,0.0,0.0,290.0,940.0,82.39,82.35,,,,,,,,
,4.81,1.99,0.0,0.0,0.0,290.0,940.0,82.51,82.44,,,,,,,,
,4.61,1.99,0.0,0.0,0.0,290.0,940.0,82.53,82.53,,,,,,,,
,4.69,1.99,0.0,0.0,0.0,280.0,940.0,82.52,82.53,,,,,,,,
,4.39,1.99,0.0,0.0,0.0,270.0,930.0,82.60,82.60,,,,,,,,
,4.33,1.99,0.0,0.0,0.0,270.0,930.0,82.65,82.65,,,,,,,,
,4.17,1.99,0.0,0.0,0.0,270.0,930.0,82.61,82.64,,,,,,,,
,3.97,1.99,0.0,0.0,0.0,270.0,930.0,82.68,82.64,,,,,,,,
,3.94,1.99,0.0,0.0,0.0,300.0,930.0,80.41,80.09,,,,,,,,
,4.42,1.23,0.0,0.0,0.0,320.0,920.0,79.55,79.55,,,,,,,,
,3.72,0.97,0.0,0.0,0.0,320.0,920.0,78.73,78.48,,,,,,,,
,3.56,0.88,0.0,0.0,0.0,330.0,920.0,77.85,76.92,,,,,,,,
,3.50,0.85,0.0,0.0,0.0,350.0,920.0,75.82,74.51,,,,,,,,
,3.64,0.87,0.0,-3.1,0.0,350.0,920.0,69.72,69.65,,,,,,,,
,3.36,0.88,0.0,-3.9,0.0,350.0,920.0,64.53,63.31,,,,,,,,
,3.61,0.90,0.0,-3.9,0.0,350.0,920.0,61.11,61.60,,,,,,,,
,3.58,0.91,0.0,-2.3,0.0,360.0,920.0,56.40,57.25,,,,,,,,
,3.69,0.89,0.0,-0.8,0.0,360.0,920.0,54.46,53.59,,,,,,,,
,3.53,0.88,0.0,-0.8,0.0,370.0,920.0,52.81,51.93,,,,,,,,
,3.67,0.87,0.0,-0.8,0.0,370.0,910.0,48.88,49.82,,,,,,,,
,3.64,0.87,0.0,-1.6,0.0,370.0,910.0,49.61,48.43,,,,,,,,
,3.86,0.86,0.0,-1.6,0.0,390.0,910.0,51.34,50.37,,,,,,,,
,4.06,0.87,0.0,-1.6,0.0,390.0,910.0,48.91,51.06,,,,,,,,
,4.36,0.89,0.0,-0.8,0.0,380.0,910.0,49.20,51.36,,,,,,,,
,3.97,0.88,0.0,0.0,0.0,380.0,920.0,50.05,48.72,,,,,,,,
,3.97,0.88,0.0,0.8,0.0,380.0,920.0,50.34,49.39,,,,,,,,
,4.25,0.88,0.0,1.6,0.0,380.0,920.0,51.07,50.14,,,,,,,,
,3.97,0.87,0.0,1.6,0.0,380.0,920.0,49.49,51.04,,,,,,,,
,3.89,0.91,0.0,1.6,0.0,390.0,920.0,49.39,48.43,,,,,,,,
,3.86,0.94,0.0,1.6,0.0,390.0,920.0,49.29,48.46,,,,,,,,
,3.89,0.96,0.0,1.6,0.0,390.0,920.0,51.55,50.48,,,,,,,,
,3.94,0.97,0.0,0.8,0.0,390.0,920.0,48.78,51.36,,,,,,,,
,4.00,0.98,0.0,0.8,0.0,390.0,910.0,50.17,49.24,,,,,,,,
,3.89,0.98,0.0,0.8,0.0,400.0,910.0,51.28,50.14,,,,,,,,
,4.17,0.99,0.0,0.0,0.0,390.0,910.0,50.46,50.71,,,,,,,,
,4.17,1.00,0.0,0.8,0.0,390.0,910.0,48.80,51.11,,,,,,,,
,3.97,0.99,0.0,0.8,0.0,390.0,910.0,49.90,48.22,,,,,,,,
,3.89,1.00,0.0,0.8,0.0,390.0,910.0,51.59,50.39,,,,,,,,
,4.17,1.00,0.0,0.8,0.0,390.0,910.0,50.55,50.10,,,,,,,,
,4.00,0.99,0.0,0.8,0.0,390.0,910.0,49.32,51.52,,,,,,,,
,10.58,1.07,16.1,0.8,94.9,990.0,910.0,47.82,48.79,,,,,,,,
,14.28,1.10,21.6,3.9,0.0,720.0,910.0,53.07,54.37,,,,,,,,
,15.67,1.05,25.5,13.3,0.0,740.0,920.0,59.69,60.63,,,,,,,,
,14.83,1.04,25.5,18.8,0.0,640.0,940.0,67.62,68.93,,,,,,,,
,12.92,1.02,21.6,22.7,0.0,620.0,970.0,65.69,66.05,,,,,,,,
,12.64,0.98,22.4,25.0,0.0,670.0,970.0,62.91,62.96,,,,,,,,
,20.56,0.98,31.4,23.4,0.8,930.0,970.0,65.62,68.43,,,,,,,,
,25.44,1.07,40.0,21.9,2.0,1000.0,1000.0,73.53,74.75,,,,,,,,
,28.78,1.04,36.9,25.0,0.0,910.0,1060.0,82.21,83.26,,,,,,,,
,33.67,1.04,36.9,25.0,0.0,900.0,1090.0,95.77,96.69,,,,,,,,
,38.08,1.02,36.9,25.0,0.0,880.0,1120.0,101.33,101.04,,,,,,,,
,43.17,0.99,36.9,25.0,0.0,840.0,1130.0,102.46,101.51,,,,,,,,
,47.14,0.98,36.9,23.4,0.0,820.0,1130.0,100.87,102.78,,,,,,,,
,50.56,0.98,36.5,21.1,0.0,800.0,1130.0,104.32,105.22,,,,,,,,
,16.58,1.34,35.7,18.0,0.0,440.0,1130.0,97.84,95.55,,,,,,,,
,13.17,1.99,0.0,0.0,0.0,330.0,1030.0,97.99,97.98,,,,,,,,
,12.58,1.99,0.0,0.0,0.0,330.0,980.0,96.57,93.75,,,,,,,,
,23.78,0.99,28.6,0.0,0.0,570.0,990.0,96.52,96.85,,,,,,,,
,13.47,0.90,17.3,11.7,0.0,300.0,1050.0,91.81,93.03,,,,,,,,
,50.69,0.90,42.4,17.2,12.5,1200.0,1020.0,106.56,111.81,,,,,,,,
,65.83,0.98,64.3,20.3,54.5,1780.0,1230.0,118.45,118.00,,,,,,,,
,76.14,0.99,62.4,21.9,52.2,1780.0,1450.0,121.99,123.25,,,,,,,,
,80.69,0.96,60.0,23.4,51.4,1710.0,1500.0,126.66,126.29,,,,,,,,
,84.72,0.98,58.8,20.3,49.8,1630.0,1510.0,127.48,128.31,,,,,,,,
,87.42,0.98,58.4,20.3,50.6,1560.0,1530.0,128.87,130.56,,,,,,,,
,34.83,1.04,55.7,17.2,54.1,1250.0,1570.0,128.67,123.90,,,,,,,,
,12.72,1.99,0.0,0.0,0.0,320.0,1160.0,117.06,117.03,,,,,,,,
,12.58,1.99,0.0,0.0,0.0,330.0,1030.0,117.26,117.27,,,,,,,,
,40.39,1.04,10.6,0.0,0.0,660.0,980.0,105.72,106.85,,,,,,,,
,56.72,0.92,44.3,4.7,32.2,1290.0,1070.0,120.73,118.04,,,,,,,,
,74.33,0.88,63.9,22.7,52.9,1780.0,1300.0,123.65,124.09,,,,,,,,
,65.14,0.99,56.5,25.0,26.7,1450.0,1420.0,125.11,126.19,,,,,,,,
,71.94,0.99,50.6,21.1,43.9,1390.0,1400.0,125.29,125.12,,,,,,,,
,71.19,0.98,50.6,22.7,43.5,1390.0,1410.0,126.18,126.32,,,,,,,,
,74.36,0.99,50.2,21.1,43.1,1380.0,1400.0,126.94,126.99,,,,,,,,
,78.28,0.96,50.2,20.3,42.7,1390.0,1400.0,127.51,126.80,,,,,,,,
,77.06,0.97,50.2,19.5,43.1,1400.0,1390.0,127.02,129.96,,,,,,,,
,79.56,0.95,50.2,19.5,43.9,1380.0,1410.0,128.40,127.92,,,,,,,,
,64.56,0.99,45.1,17.2,38.8,1100.0,1420.0,126.26,123.30,,,,,,,,
,24.61,1.07,37.6,22.7,0.0,620.0,1290.0,110.24,109.88,,,,,,,,
,14.06,1.99,0.0,0.0,0.0,320.0,1070.0,108.16,108.27,,,,,,,,
,12.36,1.99,0.0,0.0,0.0,330.0,1000.0,108.52,108.59,,,,,,,,
,18.53,1.13,11.4,0.0,0.0,390.0,970.0,98.43,97.49,,,,,,,,
,39.19,0.90,23.5,1.6,0.0,660.0,980.0,97.48,99.31,,,,,,,,
,10.89,0.88,23.1,18.0,0.0,370.0,1090.0,95.14,93.63,,,,,,,,
,11.50,0.88,0.0,19.5,0.0,320.0,1010.0,88.91,89.73,,,,,,,,
,11.89,0.96,1.2,19.5,0.0,310.0,980.0,85.81,84.73,,,,,,,,
,12.14,1.00,3.1,21.1,0.0,310.0,960.0,82.98,82.72,,,,,,,,
,20.78,0.99,18.0,21.1,0.0,420.0,950.0,89.03,89.96,,,,,,,,
,25.72,1.00,22.4,22.7,0.0,500.0,1000.0,97.57,98.15,,,,,,,,
,28.39,0.98,23.9,20.3,0.0,550.0,1050.0,100.01,99.69,,,,,,,,
,47.94,0.97,27.8,21.1,0.0,770.0,1090.0,100.67,101.54,,,,,,,,
,72.67,1.03,58.0,18.0,42.0,1780.0,1240.0,120.53,119.18,,,,,,,,
,80.53,0.97,62.7,25.0,56.1,1910.0,1490.0,123.95,124.82,,,,,,,,
,82.58,0.91,62.7,25.0,58.4,1980.0,1630.0,124.10,126.17,,,,,,,,
,91.47,0.87,62.7,24.2,59.2,2090.0,1670.0,125.85,126.05,,,,,,,,
,95.81,0.81,62.0,24.2,53.3,2120.0,1720.0,127.29,126.89,,,,,,,,
,99.11,0.73,59.6,21.9,66.3,2260.0,1770.0,126.26,126.09,,,,,,,,
,90.75,0.73,58.8,20.3,60.8,2000.0,1820.0,126.86,127.91,,,,,,,,
,72.39,0.91,47.8,15.6,47.8,1360.0,1660.0,124.34,125.56,,,,,,,,
,46.50,1.02,44.3,20.3,34.9,970.0,1450.0,114.94,114.03,,,,,,,,
,22.28,1.01,35.3,24.2,0.0,740.0,1210.0,105.54,102.73,,,,,,,,
,12.11,1.99,0.0,0.0,0.0,320.0,1060.0,102.54,102.52,,,,,,,,
,10.69,1.99,0.0,0.0,0.0,330.0,990.0,102.87,102.91,,,,,,,,
,8.81,1.38,0.0,0.0,0.0,310.0,970.0,95.05,92.53,,,,,,,,
,9.39,1.07,0.0,0.0,0.0,310.0,950.0,94.21,92.51,,,,,,,,
,8.94,1.63,0.0,0.0,0.0,310.0,940.0,93.14,92.36,,,,,,,,
,8.97,1.99,0.0,0.0,0.0,310.0,950.0,93.10,93.06,,,,,,,,
,8.75,1.99,0.0,0.0,0.0,310.0,950.0,93.33,93.38,,,,,,,,
,8.58,1.99,0.0,0.0,0.0,310.0,950.0,93.47,93.58,,,,,,,,
,8.53,1.99,0.0,0.0,0.0,310.0,950.0,93.84,93.82,,,,,,,,
,8.42,1.99,0.0,0.0,0.0,310.0,950.0,94.03,94.00,,,,,,,,
,8.19,1.99,0.0,0.0,0.0,310.0,950.0,94.19,94.13,,,,,,,,
,8.14,1.99,0.0,0.0,0.0,310.0,950.0,94.32,94.31,,,,,,,,
,8.14,1.99,0.0,0.0,0.0,310.0,950.0,94.48,94.52,,,,,,,,
,8.06,1.99,0.0,0.0,0.0,310.0,950.0,94.60,94.61,,,,,,,,
,7.83,1.99,0.0,0.0,0.0,310.0,950.0,94.74,94.73,,,,,,,,
,7.83,1.99,0.0,0.0,0.0,310.0,950.0,94.82,94.98,,,,,,,,
,7.67,1.99,0.0,0.0,0.0,310.0,950.0,95.05,95.09,,,,,,,,
,7.53,1.99,0.0,0.0,0.0,300.0,950.0,95.06,95.13,,,,,,,,
,7.72,1.99,0.0,0.0,0.0,310.0,950.0,95.25,95.28,,,,,,,,
,7.36,1.34,0.8,0.0,0.0,300.0,950.0,88.61,89.47,,,,,,,,
,7.72,0.96,7.8,0.0,0.0,290.0,950.0,89.12,89.24,,,,,,,,
,9.81,0.94,12.5,0.0,0.0,350.0,940.0,86.33,86.01,,,,,,,,
,10.42,0.94,13.7,4.7,0.0,390.0,940.0,83.30,82.67,,,,,,,,
,23.03,0.87,14.9,10.9,0.0,430.0,940.0,80.47,80.90,,,,,,,,
,39.11,0.91,64.7,12.5,94.9,2290.0,950.0,94.92,96.07,,,,,,,,
,43.42,0.91,72.2,18.8,94.9,2150.0,1120.0,103.22,105.43,,,,,,,,
,50.08,0.90,69.8,20.3,94.9,2010.0,1270.0,111.40,112.75,,,,,,,,
,51.78,0.93,69.4,18.8,94.9,2070.0,1400.0,113.29,113.49,,,,,,,,
,55.47,0.95,69.4,17.2,94.9,2050.0,1500.0,114.35,113.40,,,,,,,,
,59.61,0.92,69.0,21.9,94.9,2160.0,1620.0,113.57,114.22,,,,,,,,
,64.03,0.91,69.0,24.2,94.9,2170.0,1710.0,114.10,116.66,,,,,,,,
,69.06,0.92,68.6,23.4,94.9,2190.0,1800.0,114.83,115.43,,,,,,,,
,69.61,0.93,67.8,24.2,94.9,2140.0,1880.0,115.30,114.71,,,,,,,,
,73.78,0.96,63.5,24.2,78.0,2010.0,1930.0,115.61,115.27,,,,,,,,
,75.25,0.91,62.4,22.7,75.7,2060.0,1960.0,115.44,117.13,,,,,,,,
,69.86,0.94,60.8,22.7,79.6,1820.0,2000.0,116.89,115.60,,,,,,,,
,70.11,0.91,57.6,24.2,69.4,1850.0,1870.0,116.35,115.74,,,,,,,,
,71.47,0.88,57.6,24.2,69.4,1890.0,1810.0,115.89,116.30,,,,,,,,
,28.47,0.93,49.0,22.7,46.3,1100.0,1560.0,112.27,105.54,,,,,,,,
,8.50,0.98,12.5,17.2,0.0,400.0,1200.0,96.56,95.17,,,,,,,,
,8.00,0.97,0.0,18.0,0.0,310.0,1040.0,94.13,94.37,,,,,,,,
,9.22,0.98,0.0,14.1,0.0,300.0,980.0,92.97,92.72,,,,,,,,
,9.22,1.25,0.0,14.1,0.0,320.0,960.0,91.10,91.91,,,,,,,,
,9.94,1.99,0.0,0.0,0.0,320.0,950.0,90.65,90.65,,,,,,,,
,9.36,1.99,0.0,0.0,0.0,320.0,960.0,90.95,91.03,,,,,,,,
,9.08,1.99,0.0,0.0,0.0,320.0,960.0,91.17,91.26,,,,,,,,
,8.56,1.99,0.0,0.0,0.0,310.0,950.0,91.39,91.48,,,,,,,,
,8.92,1.99,0.0,0.0,0.0,320.0,950.0,91.60,91.62,,,,,,,,
,8.64,1.99,0.0,0.0,0.0,310.0,950.0,91.84,91.84,,,,,,,,
,8.56,1.99,0.0,0.0,0.0,310.0,950.0,91.97,92.02,,,,,,,,
,8.28,1.99,0.0,0.0,0.0,310.0,950.0,92.05,92.16,,,,,,,,
,8.31,1.99,0.0,0.0,0.0,310.0,950.0,92.28,92.28,,,,,,,,
,8.61,1.99,0.0,0.0,0.0,310.0,950.0,92.36,92.30,,,,,,,,
,8.11,1.99,0.0,0.0,0.0,310.0,950.0,92.40,92.45,,,,,,,,
,8.06,1.99,0.0,0.0,0.0,310.0,950.0,92.51,92.57,,,,,,,,
,7.92,1.99,0.0,0.0,0.0,310.0,950.0,92.60,92.61,,,,,,,,
,8.11,1.99,0.0,0.0,0.0,310.0,950.0,92.69,92.66,,,,,,,,
,8.17,1.99,0.0,0.0,0.0,310.0,950.0,92.74,92.70,,,,,,,,
,7.89,1.99,0.0,0.0,0.0,310.0,950.0,93.01,92.82,,,,,,,,
,7.83,1.66,0.0,0.0,0.0,300.0,950.0,87.16,87.44,,,,,,,,
,7.81,0.97,8.6,0.0,0.0,290.0,950.0,87.23,87.29,,,,,,,,
,7.69,0.95,8.6,0.0,0.0,290.0,940.0,84.76,84.71,,,,,,,,
,9.67,0.89,12.5,6.3,0.0,330.0,940.0,82.05,81.68,,,,,,,,
,11.42,0.91,14.1,7.8,0.0,390.0,940.0,78.32,78.05,,,,,,,,
,12.28,0.89,14.9,11.7,0.0,400.0,940.0,75.85,74.66,,,,,,,,
,13.11,0.90,16.1,14.1,0.0,450.0,940.0,71.46,71.13,,,,,,,,
,13.19,0.89,17.6,16.4,0.0,460.0,950.0,70.63,70.64,,,,,,,,
,13.53,0.87,18.0,18.8,0.0,470.0,960.0,71.25,71.30,,,,,,,,
,13.22,0.97,18.0,18.8,0.0,480.0,960.0,71.87,71.99,,,,,,,,
,14.28,1.00,19.2,19.5,0.0,500.0,970.0,74.72,74.82,,,,,,,,
,14.47,0.99,19.2,20.3,0.0,510.0,970.0,75.68,76.32,,,,,,,,
,14.47,0.98,19.6,20.3,0.0,520.0,980.0,77.39,77.75,,,,,,,,
,14.89,1.01,19.6,20.3,0.0,520.0,980.0,78.12,78.29,,,,,,,,
,18.69,0.98,20.8,21.1,0.0,630.0,980.0,82.24,83.34,,,,,,,,
,19.03,1.01,23.5,20.3,0.0,650.0,1000.0,86.25,86.10,,,,,,,,
,19.31,0.98,23.5,21.1,0.0,660.0,1020.0,85.93,86.13,,,,,,,,
,18.53,1.02,23.9,20.3,0.0,660.0,1030.0,85.91,85.89,,,,,,,,
,19.14,0.98,23.9,22.7,0.0,660.0,1030.0,86.18,86.27,,,,,,,,
,18.19,0.99,23.9,21.1,0.0,630.0,1040.0,86.50,86.27,,,,,,,,
,15.33,0.98,22.0,20.3,0.0,580.0,1040.0,85.16,84.81,,,,,,,,
,9.61,0.99,20.4,18.0,0.0,540.0,1020.0,80.57,80.88,,,,,,,,
,7.06,0.92,0.0,18.8,0.0,290.0,1000.0,78.99,76.66,,,,,,,,
,7.56,0.96,0.0,12.5,0.0,300.0,980.0,74.11,74.21,,,,,,,,
,7.53,1.11,0.0,10.9,0.0,300.0,960.0,72.71,73.56,,,,,,,,
,7.78,1.99,0.0,0.0,0.0,300.0,950.0,71.49,71.41,,,,,,,,
,7.36,1.99,0.0,0.0,0.0,300.0,950.0,71.60,71.67,,,,,,,,
,7.58,1.99,0.0,0.0,0.0,300.0,950.0,71.82,71.79,,,,,,,,
,7.39,1.99,0.0,0.0,0.0,300.0,950.0,71.85,71.91,,,,,,,,
,7.33,1.99,0.0,0.0,0.0,300.0,950.0,71.95,72.02,,,,,,,,
,7.00,1.60,0.0,0.0,0.0,290.0,950.0,68.28,68.37,,,,,,,,
,7.58,0.95,9.0,0.0,0.0,300.0,950.0,69.38,70.06,,,,,,,,
,8.89,0.94,11.8,0.0,0.0,340.0,940.0,70.16,69.90,,,,,,,,
,11.31,0.94,12.9,3.9,0.0,410.0,940.0,69.43,69.87,,,,,,,,
,11.03,0.90,15.3,10.9,0.0,420.0,940.0,70.65,70.40,,,,,,,,
,12.00,0.90,15.7,13.3,0.0,440.0,940.0,69.96,70.04,,,,,,,,
,11.92,0.88,16.1,15.6,0.0,440.0,950.0,69.92,70.28,,,,,,,,
,12.72,0.88,16.9,16.4,0.0,470.0,950.0,70.43,70.48,,,,,,,,
,13.25,0.88,17.3,17.2,0.0,490.0,960.0,72.83,72.39,,,,,,,,
,13.17,0.98,17.6,18.8,0.0,490.0,960.0,73.07,72.92,,,,,,,,
,13.81,1.00,18.0,18.8,0.0,500.0,960.0,73.82,74.29,,,,,,,,
,13.36,0.99,18.0,18.8,0.0,500.0,970.0,74.40,74.30,,,,,,,,
,13.08,0.99,18.0,18.0,0.0,510.0,970.0,74.23,74.69,,,,,,,,
,13.61,1.01,18.4,18.8,0.0,510.0,970.0,75.16,75.04,,,,,,,,
,13.06,0.98,18.4,18.8,0.0,510.0,970.0,75.28,75.16,,,,,,,,
,7.86,0.97,14.1,18.8,0.0,370.0,970.0,71.53,70.82,,,,,,,,
,10.11,0.98,12.9,14.8,0.0,390.0,960.0,69.99,70.19,,,,,,,,
,11.83,1.02,15.7,14.1,0.0,450.0,950.0,70.02,70.48,,,,,,,,
,12.28,1.00,17.3,14.8,0.0,480.0,960.0,71.85,71.73,,,,,,,,
,12.94,1.02,17.6,17.2,0.0,490.0,960.0,72.16,72.31,,,,,,,,
,14.42,0.99,17.6,18.0,0.0,560.0,970.0,72.68,71.99,,,,,,,,
,15.89,1.02,18.4,18.8,0.0,580.0,980.0,71.67,72.06,,,,,,,,
,14.75,0.98,19.6,19.5,0.0,560.0,990.0,72.34,72.40,,,,,,,,
,14.72,1.02,19.6,18.8,0.0,560.0,1000.0,71.99,71.82,,,,,,,,
,16.64,0.99,21.2,19.5,0.0,610.0,1000.0,75.07,75.76,,,,,,,,
,16.08,1.02,21.2,20.3,0.0,610.0,1010.0,75.56,75.27,,,,,,,,
,16.36,0.98,21.2,21.1,0.0,610.0,1010.0,75.69,75.70,,,,,,,,
,16.06,1.02,21.2,21.1,0.0,610.0,1020.0,76.01,75.97,,,,,,,,
,15.75,0.98,21.2,21.9,0.0,610.0,1020.0,76.06,75.73,,,,,,,,
,16.42,1.00,21.2,21.1,0.0,610.0,1020.0,75.56,75.70,,,,,,,,
,16.31,0.98,21.2,20.3,0.0,610.0,1020.0,76.13,75.64,,,,,,,,
,7.00,0.96,10.2,19.5,0.0,360.0,1020.0,71.52,71.12,,,,,,,,
,6.44,0.91,0.0,15.6,0.0,290.0,990.0,70.78,71.62,,,,,,,,
,6.72,0.98,0.0,10.2,0.0,300.0,970.0,69.50,69.67,,,,,,,,
,6.89,1.51,0.0,0.0,0.0,300.0,960.0,71.26,71.05,,,,,,,,
,6.83,1.99,0.0,0.0,0.0,300.0,950.0,70.36,70.43,,,,,,,,
,6.64,1.99,0.0,0.0,0.0,300.0,950.0,70.51,70.55,,,,,,,,
,6.89,1.99,0.0,0.0,0.0,290.0,950.0,70.57,70.57,,,,,,,,
,6.28,1.99,0.0,0.0,0.0,290.0,950.0,69.17,68.74,,,,,,,,
,7.39,0.96,7.1,0.0,0.0,290.0,950.0,68.94,69.62,,,,,,,,
,9.53,0.96,11.8,0.0,0.0,370.0,940.0,70.19,69.75,,,,,,,,
,10.28,0.95,13.3,2.3,0.0,410.0,940.0,70.81,70.89,,,,,,,,
,22.58,0.90,14.1,11.7,0.0,690.0,940.0,71.36,73.65,,,,,,,,
,27.19,0.91,35.3,14.8,5.1,1010.0,970.0,82.97,82.71,,,,,,,,
,28.83,0.88,35.3,21.1,5.1,1020.0,1060.0,90.71,90.35,,,,,,,,
,25.89,1.05,34.9,24.2,0.8,920.0,1120.0,91.40,90.79,,,,,,,,
,24.50,1.02,29.0,25.0,0.0,810.0,1140.0,84.15,83.63,,,,,,,,
,25.53,0.97,27.5,25.0,0.0,830.0,1130.0,82.11,82.02,,,,,,,,
,16.42,0.99,25.9,24.2,0.0,670.0,1130.0,80.98,80.24,,,,,,,,
,17.25,0.97,20.8,21.9,0.0,650.0,1090.0,76.36,77.95,,,,,,,,
,18.67,1.02,22.7,20.3,0.0,670.0,1070.0,80.04,80.97,,,,,,,,
,18.61,0.98,23.1,20.3,0.0,680.0,1060.0,81.39,82.07,,,,,,,,
,15.19,0.98,23.1,21.1,0.0,630.0,1060.0,81.25,80.73,,,,,,,,
,8.22,0.97,14.9,18.8,0.0,390.0,1040.0,76.29,75.56,,,,,,,,
,6.03,0.93,4.7,16.4,0.0,280.0,1010.0,75.32,74.42,,,,,,,,
,6.47,0.95,0.0,12.5,0.0,290.0,980.0,70.55,70.48,,,,,,,,
,6.78,1.18,0.0,8.6,0.0,300.0,960.0,71.04,71.09,,,,,,,,
,6.56,1.99,0.0,0.0,0.0,300.0,950.0,71.24,71.28,,,,,,,,
,6.58,1.99,0.0,0.0,0.0,290.0,950.0,71.42,71.43,,,,,,,,
,6.75,1.99,0.0,0.0,0.0,290.0,950.0,71.60,71.55,,,,,,,,
,6.31,1.99,0.0,0.0,0.0,290.0,950.0,71.65,71.61,,,,,,,,
,6.03,1.05,2.7,0.0,0.0,280.0,950.0,68.85,68.96,,,,,,,,
,8.17,0.91,8.2,0.0,0.0,320.0,940.0,70.72,70.08,,,,,,,,
,14.31,0.96,14.5,0.0,0.0,530.0,930.0,69.09,69.01,,,,,,,,
,13.42,0.93,17.3,7.8,0.0,540.0,950.0,71.26,70.92,,,,,,,,
,13.47,0.90,17.6,14.8,0.0,540.0,960.0,70.02,70.33,,,,,,,,
,13.64,0.88,18.8,16.4,0.0,550.0,970.0,71.49,71.57,,,,,,,,
,13.78,0.88,19.2,18.0,0.0,560.0,980.0,71.62,71.91,,,,,,,,
,31.14,0.89,23.5,18.8,2.0,1370.0,960.0,79.51,82.85,,,,,,,,
,36.81,0.98,45.5,18.8,92.5,1400.0,1060.0,88.27,88.15,,,,,,,,
,38.03,1.03,41.6,17.2,46.3,1300.0,1190.0,96.69,97.85,,,,,,,,
,39.81,0.98,41.2,18.0,44.7,1310.0,1280.0,100.09,100.29,,,,,,,,
,38.56,0.98,41.2,20.3,49.8,1300.0,1340.0,100.14,99.74,,,,,,,,
,20.31,0.98,36.1,18.8,24.3,860.0,1270.0,93.15,91.63,,,,,,,,
,15.64,0.99,20.4,17.2,0.0,650.0,1110.0,84.03,83.63,,,,,,,,
,25.11,1.02,22.0,17.2,0.0,690.0,1030.0,80.85,81.14,,,,,,,,
,19.28,0.99,23.5,20.3,0.0,720.0,1040.0,81.63,81.87,,,,,,,,
,19.61,1.01,24.3,20.3,0.0,730.0,1060.0,82.68,82.05,,,,,,,,
,19.89,0.98,24.3,20.3,0.0,730.0,1060.0,81.78,82.00,,,,,,,,
,19.81,1.00,24.3,20.3,0.0,740.0,1070.0,82.32,82.20,,,,,,,,
,20.64,0.99,25.1,20.3,0.0,760.0,1070.0,81.56,82.24,,,,,,,,
,21.42,1.02,25.5,21.1,0.0,790.0,1080.0,82.40,82.39,,,,,,,,
,21.25,0.99,25.9,22.7,0.0,780.0,1080.0,82.08,82.35,,,,,,,,
,20.25,0.98,25.9,22.7,0.0,740.0,1090.0,82.53,82.15,,,,,,,,
,7.22,0.90,12.5,21.9,0.0,350.0,1050.0,79.02,79.14,,,,,,,,
,6.00,0.95,8.2,13.3,0.0,280.0,990.0,75.32,75.06,,,,,,,,
,6.61,0.99,8.2,9.4,0.0,280.0,960.0,73.81,73.44,,,,,,,,
,7.00,0.98,8.2,10.2,0.0,280.0,940.0,72.50,71.98,,,,,,,,
,6.92,1.00,8.2,9.4,0.0,280.0,940.0,70.21,69.95,,,,,,,,
,7.00,0.96,8.2,9.4,0.0,280.0,940.0,70.02,70.35,,,,,,,,
,6.89,0.98,8.2,7.0,0.0,280.0,930.0,70.14,70.02,,,,,,,,
,6.56,0.98,8.2,5.5,0.0,280.0,930.0,70.06,70.02,,,,,,,,
,6.64,1.00,8.2,4.7,0.0,280.0,930.0,69.82,69.79,,,,,,,,
,6.64,0.98,8.2,4.7,0.0,280.0,930.0,69.82,69.83,,,,,,,,
,6.58,1.00,8.2,3.9,0.0,280.0,930.0,70.26,70.04,,,,,,,,
,6.25,0.97,7.8,3.1,0.0,280.0,930.0,69.83,69.67,,,,,,,,
,6.03,1.01,2.4,2.3,0.0,280.0,930.0,70.81,72.67,,,,,,,,
,6.19,1.04,0.0,1.6,0.0,290.0,930.0,69.21,69.54,,,,,,,,
,6.44,1.77,0.0,0.0,0.0,290.0,930.0,70.31,70.21,,,,,,,,
,6.42,1.99,0.0,0.0,0.0,290.0,930.0,70.40,70.57,,,,,,,,
,6.22,1.99,0.0,0.0,0.0,290.0,940.0,70.63,70.64,,,,,,,,
,5.94,1.99,0.0,0.0,0.0,290.0,940.0,70.64,70.64,,,,,,,,
,5.94,1.99,0.0,0.0,0.0,290.0,950.0,70.69,70.75,,,,,,,,
,6.19,1.99,0.0,0.0,0.0,290.0,950.0,70.69,70.84,,,,,,,,
,6.00,1.99,0.0,0.0,0.0,290.0,950.0,70.77,70.87,,,,,,,,
,5.81,1.99,0.0,0.0,0.0,290.0,950.0,70.87,70.92,,,,,,,,
,5.72,1.99,0.0,0.0,0.0,290.0,950.0,70.85,70.89,,,,,,,,
,5.53,1.99,0.0,0.0,0.0,290.0,950.0,70.88,70.92,,,,,,,,
,5.44,1.99,0.0,0.0,0.0,290.0,950.0,70.88,70.88,,,,,,,,
,5.00,1.99,0.0,0.0,0.0,290.0,940.0,70.92,70.93,,,,,,,,
,4.81,1.99,0.0,0.0,0.0,280.0,940.0,70.92,70.92,,,,,,,,
,4.33,1.99,0.0,0.0,0.0,280.0,940.0,70.94,70.95,,,,,,,,
,4.22,1.99,0.0,0.0,0.0,270.0,940.0,71.00,70.94,,,,,,,,
,5.03,1.99,0.0,0.0,0.0,360.0,930.0,68.76,68.89,,,,,,,,
,3.89,1.41,0.0,0.0,0.0,310.0,930.0,68.23,67.67,,,,,,,,
,3.89,0.99,0.0,0.0,0.0,330.0,920.0,65.26,67.54,,,,,,,,
,3.44,0.89,0.0,0.0,0.0,340.0,920.0,64.10,64.62,,,,,,,,
,3.44,0.84,0.0,0.0,0.0,340.0,920.0,59.64,58.61,,,,,,,,
,3.53,0.84,0.0,-3.9,0.0,340.0,920.0,54.29,55.08,,,,,,,,
,3.58,0.85,0.0,-5.5,0.0,350.0,920.0,52.32,51.35,,,,,,,,
,3.36,0.87,0.0,-7.0,0.0,340.0,920.0,49.09,49.07,,,,,,,,
,3.47,0.88,0.0,-7.0,0.0,350.0,920.0,46.71,49.27,,,,,,,,
,3.50,0.88,0.0,-6.3,0.0,370.0,920.0,50.19,49.15,,,,,,,,
,3.81,0.88,0.0,-5.5,0.0,370.0,910.0,50.86,49.32,,,,,,,,
,3.72,0.89,0.0,-4.7,0.0,380.0,910.0,51.11,50.26,,,,,,,,
,3.83,0.89,0.0,-3.9,0.0,390.0,910.0,49.65,51.55,,,,,,,,
,3.97,0.90,0.0,-3.1,0.0,370.0,910.0,51.41,50.22,,,,,,,,
,14.19,0.89,31.8,-2.3,94.9,1500.0,900.0,47.19,47.04,,,,,,,,
,3.64,0.84,0.0,0.0,0.0,270.0,930.0,56.49,55.66,,,,,,,,
,9.08,0.88,14.5,0.0,0.0,460.0,930.0,56.32,56.64,,,,,,,,
,8.86,1.06,14.1,0.8,0.0,490.0,930.0,56.52,57.02,,,,,,,,
,16.03,1.05,32.5,10.9,0.0,880.0,930.0,59.34,60.51,,,,,,,,
,19.47,1.05,38.8,15.6,0.8,970.0,960.0,65.91,66.45,,,,,,,,
,21.64,1.08,38.8,20.3,0.8,960.0,1010.0,71.61,72.86,,,,,,,,
,25.97,1.00,39.2,25.0,0.8,980.0,1050.0,80.15,80.65,,,,,,,,
,28.56,1.05,39.2,25.0,0.8,980.0,1100.0,87.44,88.69,,,,,,,,
,34.58,0.98,38.8,25.0,0.8,1010.0,1130.0,96.11,95.26,,,,,,,,
,35.89,1.02,38.0,25.0,0.8,950.0,1150.0,96.43,96.78,,,,,,,,
,35.78,1.02,36.9,25.0,0.8,940.0,1150.0,100.07,100.07,,,,,,,,
,11.36,0.97,34.1,25.0,0.0,790.0,1160.0,99.68,99.25,,,,,,,,
,7.64,0.89,0.0,21.1,0.0,290.0,1080.0,92.70,92.25,,,,,,,,
,7.97,1.01,0.0,12.5,0.0,320.0,1000.0,88.40,88.21,,,,,,,,
,7.78,0.96,0.4,13.3,0.0,300.0,970.0,86.18,86.03,,,,,,,,
,6.78,0.98,11.4,10.9,0.0,280.0,950.0,84.12,84.21,,,,,,,,
,7.36,0.99,10.2,10.2,0.0,280.0,940.0,82.53,82.71,,,,,,,,
,7.22,1.15,0.0,10.2,0.0,300.0,940.0,80.81,80.85,,,,,,,,
,7.25,1.99,0.0,0.0,0.0,300.0,940.0,79.43,79.44,,,,,,,,
,7.11,1.99,0.0,0.0,0.0,300.0,940.0,79.58,79.60,,,,,,,,
,7.06,1.99,0.0,0.0,0.0,300.0,950.0,79.66,79.66,,,,,,,,
,7.64,1.21,2.4,0.0,0.0,310.0,950.0,74.70,74.95,,,,,,,,
,9.81,0.96,12.9,0.0,0.0,350.0,940.0,72.95,72.87,,,,,,,,
,11.11,0.98,16.1,0.0,0.0,410.0,940.0,72.52,71.98,,,,,,,,
,12.17,0.90,16.1,10.9,0.0,440.0,940.0,69.87,70.26,,,,,,,,
,12.69,0.88,13.3,14.1,0.0,420.0,950.0,70.06,69.82,,,,,,,,
,11.97,0.88,14.1,14.1,0.0,430.0,960.0,70.11,70.64,,,,,,,,
,12.28,0.87,14.5,15.6,0.0,430.0,960.0,70.24,69.99,,,,,,,,
,12.50,0.87,14.5,15.6,0.0,430.0,960.0,69.75,70.02,,,,,,,,
,7.33,0.89,13.7,16.4,0.0,340.0,970.0,69.87,70.44,,,,,,,,
,7.42,0.94,6.3,13.3,0.0,290.0,960.0,69.29,69.90,,,,,,,,
,7.81,0.98,2.7,8.6,0.0,290.0,950.0,69.79,69.66,,,,,,,,
,8.36,1.03,0.0,7.8,0.0,310.0,940.0,69.43,69.18,,,,,,,,
,8.08,1.19,0.0,9.4,0.0,310.0,940.0,70.00,71.54,,,,,,,,
,8.42,1.99,0.0,0.0,0.0,310.0,940.0,71.13,71.28,,,,,,,,
,8.61,1.99,0.0,0.0,0.0,310.0,940.0,71.38,71.36,,,,,,,,
,8.36,1.99,0.0,0.0,0.0,310.0,950.0,71.37,71.42,,,,,,,,
,8.44,1.99,0.0,0.0,0.0,310.0,950.0,71.52,71.57,,,,,,,,
,7.83,1.99,0.0,0.0,0.0,310.0,950.0,71.58,71.57,,,,,,,,
,8.08,1.99,0.0,0.0,0.0,310.0,950.0,71.60,71.60,,,,,,,,
,7.67,1.99,0.0,0.0,0.0,310.0,950.0,71.62,71.60,,,,,,,,
,7.00,1.99,0.0,0.0,0.0,310.0,950.0,71.67,71.61,,,,,,,,
,6.64,1.99,0.0,0.0,0.0,300.0,950.0,71.68,71.62,,,,,,,,
,5.94,1.99,0.0,0.0,0.0,300.0,950.0,71.77,71.75,,,,,,,,
,4.25,1.99,0.0,0.0,0.0,280.0,950.0,71.75,71.62,,,,,,,,
,3.86,1.99,0.0,0.0,0.0,280.0,940.0,68.19,68.08,,,,,,,,
,3.97,1.22,0.0,0.0,0.0,300.0,930.0,67.38,67.31,,,,,,,,
,3.67,0.91,0.0,0.0,0.0,310.0,930.0,66.42,66.42,,,,,,,,
,3.42,0.85,0.0,0.0,0.0,310.0,920.0,63.68,66.23,,,,,,,,
,3.28,0.83,0.0,-2.3,0.0,330.0,920.0,63.61,63.35,,,,,,,,
,3.42,0.84,0.0,-5.5,0.0,340.0,920.0,58.49,57.50,,,,,,,,
,3.47,0.87,0.0,-7.8,0.0,350.0,920.0,53.24,53.34,,,,,,,,
,3.56,0.88,0.0,-7.0,0.0,350.0,920.0,50.58,50.53,,,,,,,,
,3.61,0.88,0.0,-6.3,0.0,350.0,920.0,48.84,47.14,,,,,,,,
,3.72,0.88,0.0,-5.5,0.0,350.0,920.0,48.11,49.58,,,,,,,,
,3.53,0.88,0.0,-4.7,0.0,350.0,920.0,48.11,50.71,,,,,,,,
,3.61,0.88,0.0,-4.7,0.0,370.0,920.0,49.85,48.42,,,,,,,,
,3.78,0.86,0.0,-4.7,0.0,380.0,920.0,52.21,50.95,,,,,,,,
,3.78,0.87,0.0,-4.7,0.0,360.0,920.0,48.72,51.34,,,,,,,,
,3.61,0.87,0.0,-4.7,0.0,360.0,910.0,50.22,49.17,,,,,,,,
,3.44,0.87,0.0,-4.7,0.0,370.0,910.0,49.39,48.60,,,,,,,,
,3.61,0.88,0.0,-4.7,0.0,360.0,910.0,51.34,50.17,,,,,,,,
,4.31,0.88,0.0,-3.9,0.0,390.0,910.0,49.42,50.63,,,,,,,,
,3.92,0.89,0.0,-3.9,0.0,380.0,910.0,50.39,49.21,,,,,,,,
,10.31,1.09,30.6,-3.1,94.9,1100.0,910.0,47.36,49.16,,,,,,,,
,9.03,1.08,14.9,3.1,0.0,650.0,920.0,50.07,50.26,,,,,,,,
,10.78,1.05,22.0,9.4,0.0,910.0,920.0,50.58,50.90,,,,,,,,
,11.11,1.01,19.2,11.7,0.0,720.0,930.0,51.39,51.44,,,,,,,,
,11.00,1.02,19.6,12.5,0.0,650.0,940.0,53.78,54.66,,,,,,,,
,13.86,1.05,25.5,14.1,0.0,750.0,940.0,57.02,57.20,,,,,,,,
,19.58,1.02,30.6,18.0,0.0,890.0,960.0,60.83,61.41,,,,,,,,
,22.53,1.07,35.3,20.3,0.0,900.0,1000.0,68.11,68.60,,,,,,,,
,19.39,1.00,33.7,25.0,0.0,680.0,1060.0,74.58,75.92,,,,,,,,
,21.22,0.98,27.1,25.0,0.0,650.0,1070.0,82.04,82.37,,,,,,,,
,21.69,0.99,26.7,21.9,0.0,640.0,1070.0,87.32,87.76,,,,,,,,
,22.86,0.98,26.3,21.9,0.0,620.0,1080.0,91.39,91.87,,,,,,,,
,25.47,1.02,25.9,20.3,0.0,610.0,1090.0,94.55,95.01,,,,,,,,
,31.61,0.98,27.8,21.9,0.0,690.0,1100.0,98.31,98.51,,,,,,,,
,33.08,1.01,30.6,20.3,0.0,700.0,1130.0,100.63,100.87,,,,,,,,
,35.31,1.00,30.6,21.1,0.0,680.0,1140.0,101.19,101.01,,,,,,,,
,10.36,0.96,0.0,21.9,0.0,320.0,1090.0,95.11,90.30,,,,,,,,
,10.28,1.00,0.0,20.3,0.0,330.0,1010.0,89.89,89.08,,,,,,,,
,11.03,0.95,0.0,18.8,0.0,320.0,980.0,87.23,86.61,,,,,,,,
,32.42,0.98,26.7,16.4,0.0,670.0,970.0,93.01,94.66,,,,,,,,
,10.06,0.93,16.1,14.8,0.0,310.0,1050.0,91.00,92.86,,,,,,,,
,28.86,1.05,34.5,11.7,0.0,910.0,1000.0,95.15,94.85,,,,,,,,
,33.97,1.02,38.4,18.8,0.8,990.0,1100.0,99.28,99.50,,,,,,,,
,33.69,1.03,38.4,25.0,0.8,970.0,1140.0,100.11,100.70,,,,,,,,
,34.58,1.02,38.0,25.0,0.0,900.0,1150.0,100.30,101.04,,,,,,,,
,36.00,0.98,36.1,25.0,0.0,890.0,1150.0,100.50,100.17,,,,,,,,
,39.36,0.99,36.1,25.0,0.0,880.0,1150.0,100.34,99.97,,,,,,,,
,42.08,0.97,36.1,25.0,0.0,840.0,1150.0,100.84,100.80,,,,,,,,
,10.42,0.96,20.8,24.2,0.0,400.0,1130.0,93.87,95.28,,,,,,,,
,10.39,0.96,0.0,20.3,0.0,320.0,1040.0,89.20,89.00,,,,,,,,
,9.17,0.98,0.0,17.2,0.0,320.0,990.0,86.64,86.42,,,,,,,,
,21.06,1.13,12.2,0.0,0.0,430.0,960.0,83.42,83.20,,,,,,,,
,32.97,1.09,38.0,0.0,0.8,1020.0,970.0,94.40,95.71,,,,,,,,
,30.06,1.04,39.6,18.0,0.0,870.0,1110.0,98.38,97.82,,,,,,,,
,24.75,0.98,35.7,25.0,0.0,750.0,1140.0,94.69,93.72,,,,,,,,
,24.28,0.97,31.0,24.2,0.0,690.0,1130.0,89.97,89.76,,,,,,,,
,24.44,0.99,31.0,21.9,0.0,690.0,1110.0,90.25,90.57,,,,,,,,
,15.47,0.98,25.5,19.5,0.0,500.0,1110.0,86.50,85.30,,,,,,,,
,19.11,1.02,24.7,18.0,0.0,550.0,1060.0,83.26,84.07,,,,,,,,
,19.03,0.99,25.9,18.8,0.0,560.0,1050.0,85.49,85.81,,,,,,,,
,19.14,0.99,25.9,19.5,0.0,560.0,1050.0,86.71,86.68,,,,,,,,
,10.94,0.94,22.7,18.0,0.0,410.0,1050.0,82.00,80.85,,,,,,,,
,8.06,0.95,13.3,14.1,0.0,290.0,1020.0,77.01,76.90,,,,,,,,
,8.78,0.98,6.7,7.0,0.0,300.0,990.0,76.19,75.62,,,,,,,,
,8.17,0.99,6.3,7.0,0.0,300.0,970.0,73.20,72.66,,,,,,,,
,8.75,0.98,0.0,6.3,0.0,310.0,960.0,74.02,73.09,,,,,,,,
,8.75,1.51,0.0,6.3,0.0,320.0,950.0,72.67,72.36,,,,,,,,
,8.67,1.99,0.0,0.0,0.0,310.0,950.0,71.91,71.94,,,,,,,,
,8.31,1.99,0.0,0.0,0.0,310.0,950.0,72.09,72.07,,,,,,,,
,7.56,1.99,0.0,0.0,0.0,310.0,950.0,72.11,72.22,,,,,,,,
,7.53,1.99,0.0,0.0,0.0,300.0,950.0,72.28,72.34,,,,,,,,
,6.72,1.99,0.0,0.0,0.0,300.0,950.0,72.41,72.40,,,,,,,,
,5.64,1.99,0.0,0.0,0.0,290.0,950.0,72.45,72.58,,,,,,,,
,4.39,1.99,0.0,0.0,0.0,310.0,950.0,70.02,69.49,,,,,,,,
,3.97,1.83,0.0,0.0,0.0,290.0,940.0,68.85,68.80,,,,,,,,
,3.86,1.06,0.0,0.0,0.0,310.0,930.0,68.16,68.03,,,,,,,,
,3.56,0.91,0.0,0.0,0.0,320.0,930.0,68.56,67.38,,,,,,,,
,3.58,0.85,0.0,0.0,0.0,340.0,920.0,65.55,65.89,,,,,,,,
,3.44,0.83,0.0,-3.1,0.0,350.0,920.0,59.49,59.13,,,,,,,,
,3.97,0.84,0.0,-6.3,0.0,390.0,920.0,56.53,55.10,,,,,,,,
,3.72,0.87,0.0,-7.8,0.0,370.0,920.0,51.76,50.71,,,,,,,,
,3.61,0.88,0.0,-7.0,0.0,370.0,920.0,48.91,47.09,,,,,,,,
,3.58,0.87,0.0,-6.3,0.0,370.0,920.0,49.60,50.29,,,,,,,,
,3.61,0.88,0.0,-6.3,0.0,370.0,920.0,49.93,50.83,,,,,,,,
,3.81,0.88,0.0,-6.3,0.0,360.0,920.0,49.12,50.12,,,,,,,,
,3.83,0.88,0.0,-5.5,0.0,360.0,920.0,50.37,49.58,,,,,,,,
,3.78,0.88,0.0,-4.7,0.0,360.0,920.0,50.92,49.81,,,,,,,,
,13.58,0.86,7.1,-3.9,50.6,1180.0,910.0,47.12,46.36,,,,,,,,
,7.17,0.92,9.4,-2.3,0.0,380.0,920.0,53.02,53.71,,,,,,,,
,7.36,0.95,11.4,3.9,0.0,480.0,920.0,52.46,53.07,,,,,,,,
,9.36,0.93,16.9,7.8,0.0,600.0,920.0,55.06,55.35,,,,,,,,
,6.00,0.95,9.0,10.9,0.0,390.0,930.0,55.26,55.27,,,,,,,,
,6.14,0.95,7.1,12.5,0.0,390.0,930.0,54.86,55.25,,,,,,,,
,6.47,0.95,9.8,10.2,0.0,410.0,930.0,56.16,55.86,,,,,,,,
,3.58,0.85,0.0,8.6,0.0,260.0,930.0,57.50,55.56,,,,,,,,
,4.17,0.86,0.0,2.3,0.0,290.0,930.0,57.36,56.56,,,,,,,,
,4.81,0.92,1.6,-3.1,0.0,290.0,920.0,54.76,55.25,,,,,,,,
,10.08,1.04,17.3,-4.7,0.0,540.0,920.0,54.81,55.37,,,,,,,,
,9.50,1.13,17.6,0.0,0.0,590.0,920.0,56.71,56.69,,,,,,,,
,9.58,1.07,17.6,9.4,0.0,550.0,930.0,57.57,57.73,,,,,,,,
,9.78,1.02,16.5,13.3,0.0,550.0,940.0,57.90,57.83,,,,,,,,
,8.81,0.97,15.7,14.1,0.0,490.0,940.0,59.45,59.45,,,,,,,,
,6.56,0.94,11.8,11.7,0.0,370.0,950.0,60.20,60.56,,,,,,,,
,6.22,0.91,9.0,7.8,0.0,370.0,940.0,60.47,60.50,,,,,,,,
,5.78,0.93,9.8,2.3,0.0,350.0,940.0,60.35,60.80,,,,,,,,
,6.72,0.93,11.8,-0.8,0.0,370.0,930.0,60.39,60.42,,,,,,,,
,6.42,0.97,12.2,-3.9,0.0,370.0,930.0,60.71,60.92,,,,,,,,
,6.92,0.97,12.5,-5.5,0.0,390.0,930.0,60.71,60.86,,,,,,,,
,7.28,0.99,14.1,-6.3,0.0,410.0,930.0,60.56,60.52,,,,,,,,
,7.28,0.97,14.1,-7.0,0.0,400.0,930.0,60.59,61.08,,,,,,,,
,5.33,0.95,11.8,-7.8,0.0,310.0,930.0,62.42,63.03,,,,,,,,
,4.86,0.84,4.3,-11.7,0.0,270.0,930.0,60.91,60.71,,,,,,,,
,5.11,0.93,5.9,-18.8,0.0,280.0,930.0,60.25,60.07,,,,,,,,
,5.17,1.01,5.9,-21.9,0.0,300.0,920.0,59.25,59.34,,,,,,,,
,6.56,1.13,9.8,-18.8,0.0,380.0,920.0,58.12,58.20,,,,,,,,
,6.86,1.11,13.7,-10.9,0.0,420.0,920.0,59.46,58.84,,,,,,,,
,8.19,1.08,16.1,-3.9,0.0,470.0,920.0,58.96,59.21,,,,,,,,
,8.28,1.03,16.1,-0.8,0.0,490.0,920.0,60.59,60.38,,,,,,,,
,5.92,0.95,11.4,0.8,0.0,350.0,930.0,60.34,60.34,,,,,,,,
,8.92,0.86,12.2,-4.7,0.0,460.0,930.0,60.42,60.59,,,,,,,,
,11.50,1.05,19.6,-13.3,0.0,570.0,930.0,61.44,61.96,,,,,,,,
,11.42,1.08,19.6,-9.4,0.0,540.0,940.0,64.08,64.04,,,,,,,,
,9.00,0.95,19.2,-0.8,0.0,450.0,950.0,64.59,65.03,,,,,,,,
,7.00,0.84,13.7,-5.5,0.0,330.0,950.0,66.12,66.49,,,,,,,,
,6.86,0.92,12.5,-17.2,0.0,320.0,940.0,66.05,66.48,,,,,,,,
,6.81,1.05,12.5,-21.1,0.0,320.0,940.0,67.18,67.31,,,,,,,,
,7.36,1.10,12.9,-14.8,0.0,330.0,940.0,67.58,67.84,,,,,,,,
,9.11,0.98,15.3,-8.6,0.0,390.0,930.0,67.72,66.89,,,,,,,,
,9.72,1.07,17.6,-10.2,0.0,410.0,930.0,68.93,69.13,,,,,,,,
,9.72,0.98,17.6,-5.5,0.0,400.0,930.0,69.78,70.02,,,,,,,,
,10.03,0.97,17.6,-5.5,0.0,400.0,940.0,69.67,69.91,,,,,,,,
,8.64,0.91,16.9,-9.4,0.0,360.0,940.0,69.84,70.44,,,,,,,,
,9.00,1.01,15.3,-14.8,0.0,350.0,940.0,69.84,69.92,,,,,,,,
,9.50,1.02,15.7,-16.4,0.0,370.0,940.0,70.16,70.31,,,,,,,,
,10.81,1.07,17.6,-13.3,0.0,400.0,940.0,69.84,70.23,,,,,,,,
,11.00,0.99,18.0,-7.8,0.0,400.0,940.0,69.96,69.91,,,,,,,,
,11.19,0.97,18.4,-7.8,0.0,410.0,940.0,70.03,69.79,,,,,,,,
,9.06,0.94,18.4,-10.9,0.0,360.0,950.0,70.32,70.28,,,,,,,,
,7.78,0.95,14.5,-14.8,0.0,310.0,950.0,70.31,70.87,,,,,,,,
,7.11,1.03,11.0,-19.5,0.0,290.0,940.0,69.59,69.63,,,,,,,,
,7.00,1.08,11.0,-15.6,0.0,290.0,940.0,70.05,70.32,,,,,,,,
,7.17,1.01,11.0,-10.2,0.0,290.0,940.0,70.07,70.19,,,,,,,,
,7.14,1.00,9.8,-9.4,0.0,280.0,940.0,69.97,70.06,,,,,,,,
,6.61,0.95,2.7,-10.9,0.0,280.0,930.0,70.16,70.23,,,,,,,,
,6.25,1.00,0.0,-13.3,0.0,290.0,930.0,69.38,69.47,,,,,,,,
,5.72,0.97,0.0,-14.1,0.0,290.0,930.0,68.86,69.07,,,,,,,,
,5.72,0.99,0.0,-14.8,0.0,290.0,930.0,67.96,68.07,,,,,,,,
,5.50,0.98,0.0,-15.6,0.0,290.0,930.0,66.49,66.39,,,,,,,,
,5.08,0.99,0.0,-16.4,0.0,290.0,930.0,65.63,65.17,,,,,,,,
,4.61,1.00,0.0,-16.4,0.0,290.0,920.0,64.33,64.15,,,,,,,,
,4.33,1.00,0.0,-16.4,0.0,300.0,920.0,63.23,62.82,,,,,,,,
,3.97,0.98,0.0,-15.6,0.0,320.0,920.0,61.65,62.03,,,,,,,,
,4.00,0.97,0.0,-16.4,0.0,330.0,920.0,62.83,62.01,,,,,,,,
,3.64,0.96,0.0,-18.0,0.0,340.0,920.0,61.03,59.94,,,,,,,,
,3.69,0.98,0.0,-19.5,0.0,360.0,920.0,57.08,55.83,,,,,,,,
,3.78,1.01,0.0,-19.5,0.0,390.0,920.0,52.63,52.09,,,,,,,,
,3.81,1.04,0.0,-18.8,0.0,390.0,920.0,48.88,50.05,,,,,,,,
,4.14,1.07,0.0,-16.4,0.0,380.0,910.0,49.85,48.27,,,,,,,,
,3.75,1.06,0.0,-13.3,0.0,380.0,910.0,50.12,49.41,,,,,,,,
,3.67,1.06,0.0,-10.9,0.0,380.0,910.0,49.44,51.43,,,,,,,,
,4.06,1.02,0.0,-9.4,0.0,380.0,910.0,50.49,49.52,,,,,,,,
,4.14,0.99,0.0,-8.6,0.0,370.0,910.0,50.14,48.34,,,,,,,,
,4.22,0.97,0.0,-10.2,0.0,390.0,910.0,50.68,49.70,,,,,,,,
,4.08,0.98,0.0,-11.7,0.0,390.0,910.0,51.19,49.58,,,,,,,,
,3.83,0.98,0.0,-12.5,0.0,390.0,910.0,51.71,50.55,,,,,,,,
,4.00,0.99,0.0,-12.5,0.0,390.0,910.0,50.37,49.70,,,,,,,,
,4.03,1.00,0.0,-12.5,0.0,420.0,910.0,49.29,51.72,,,,,,,,
,4.81,1.01,0.0,-12.5,0.0,460.0,910.0,50.98,49.91,,,,,,,,
,4.33,1.05,0.0,-10.9,0.0,400.0,920.0,51.88,50.95,,,,,,,,
,4.06,1.05,0.0,-8.6,0.0,390.0,920.0,48.97,50.25,,,,,,,,
,4.14,1.02,0.0,-7.0,0.0,390.0,920.0,48.30,50.14,,,,,,,,
,4.17,0.98,0.0,-7.0,0.0,400.0,920.0,49.26,50.14,,,,,,,,
,4.22,0.94,0.0,-8.6,0.0,400.0,920.0,51.74,50.51,,,,,,,,
,3.97,0.95,0.0,-10.9,0.0,360.0,920.0,50.98,49.39,,,,,,,,
,3.67,0.93,0.0,-13.3,0.0,370.0,920.0,50.40,48.81,,,,,,,,
,3.83,0.95,0.0,-15.6,0.0,370.0,910.0,49.77,50.10,,,,,,,,
,3.67,0.95,0.0,-16.4,0.0,370.0,910.0,50.14,51.65,,,,,,,,
,3.67,0.98,0.0,-17.2,0.0,380.0,910.0,49.82,49.15,,,,,,,,
,3.83,1.00,0.0,-17.2,0.0,370.0,910.0,48.72,50.62,,,,,,,,
,3.86,1.02,0.0,-16.4,0.0,380.0,910.0,49.15,49.11,,,,,,,,
,4.00,1.03,0.0,-15.6,0.0,370.0,910.0,50.55,49.64,,,,,,,,
,3.64,1.04,0.0,-13.3,0.0,380.0,910.0,50.95,49.44,,,,,,,,
,3.97,1.02,0.0,-12.5,0.0,380.0,910.0,49.03,50.46,,,,,,,,
,3.86,1.02,0.0,-11.7,0.0,380.0,910.0,49.15,51.10,,,,,,,,
,3.94,0.99,0.0,-10.9,0.0,370.0,910.0,50.02,48.63,,,,,,,,
,3.97,1.00,0.0,-11.7,0.0,370.0,910.0,50.13,49.41,,,,,,,,
,3.78,0.98,0.0,-11.7,0.0,370.0,910.0,51.47,50.66,,,,,,,,
,3.53,0.98,0.0,-12.5,0.0,380.0,910.0,48.71,50.71,,,,,,,,
,3.81,0.98,0.0,-13.3,0.0,380.0,910.0,49.64,50.79,,,,,,,,
,3.86,1.00,0.0,-14.1,0.0,390.0,910.0,49.41,48.63,,,,,,,,
,4.00,1.02,0.0,-13.3,0.0,380.0,910.0,50.87,50.10,,,,,,,,
,3.78,1.03,0.0,-12.5,0.0,390.0,910.0,49.00,50.86,,,,,,,,
,3.92,1.03,0.0,-10.9,0.0,380.0,910.0,49.23,49.77,,,,,,,,
,3.86,1.03,0.0,-9.4,0.0,380.0,910.0,50.10,49.15,,,,,,,,
,3.89,1.00,0.0,-8.6,0.0,380.0,910.0,50.99,50.37,,,,,,,,
,3.81,0.99,0.0,-8.6,0.0,380.0,910.0,49.90,50.49,,,,,,,,
,4.03,0.98,0.0,-9.4,0.0,380.0,910.0,50.07,49.16,,,,,,,,
,3.83,0.97,0.0,-10.2,0.0,380.0,910.0,49.65,48.85,,,,,,,,
,3.89,0.95,0.0,-11.7,0.0,380.0,910.0,50.38,50.52,,,,,,,,
,3.67,0.97,0.0,-13.3,0.0,380.0,910.0,49.73,50.91,,,,,,,,
,3.92,0.98,0.0,-14.1,0.0,380.0,910.0,49.76,48.39,,,,,,,,
,3.86,1.00,0.0,-14.1,0.0,390.0,910.0,51.04,49.61,,,,,,,,
,4.00,1.02,0.0,-13.3,0.0,380.0,910.0,48.39,50.79,,,,,,,,
,4.11,1.03,0.0,-12.5,0.0,390.0,910.0,49.64,51.23,,,,,,,,
,4.00,1.02,0.0,-10.9,0.0,380.0,910.0,50.14,48.91,,,,,,,,
,3.92,1.01,0.0,-10.2,0.0,380.0,910.0,50.37,49.65,,,,,,,,
,3.83,0.98,0.0,-10.2,0.0,380.0,910.0,50.67,49.97,,,,,,,,
,4.03,0.97,0.0,-10.9,0.0,380.0,910.0,49.64,50.99,,,,,,,,
,4.00,0.97,0.0,-11.7,0.0,380.0,910.0,50.14,49.24,,,,,,,,
,4.00,0.98,0.0,-12.5,0.0,390.0,910.0,50.68,49.24,,,,,,,,
,3.92,0.99,0.0,-13.3,0.0,380.0,910.0,48.23,51.10,,,,,,,,
,4.03,1.00,0.0,-13.3,0.0,390.0,910.0,50.46,49.61,,,,,,,,
,4.03,1.01,0.0,-12.5,0.0,390.0,910.0,50.10,49.20,,,,,,,,
,3.83,1.01,0.0,-12.5,0.0,390.0,910.0,49.63,50.37,,,,,,,,
,3.72,1.01,0.0,-11.7,0.0,390.0,910.0,49.36,50.21,,,,,,,,
,4.03,1.02,0.0,-11.7,0.0,390.0,910.0,49.64,49.24,,,,,,,,
,3.97,1.01,0.0,-10.2,0.0,390.0,910.0,50.13,49.03,,,,,,,,
,3.81,0.99,0.0,-10.9,0.0,390.0,910.0,51.46,50.34,,,,,,,,
,3.86,0.99,0.0,-10.9,0.0,390.0,910.0,49.44,50.82,,,,,,,,
,3.92,0.99,0.0,-11.7,0.0,390.0,910.0,49.36,49.79,,,,,,,,
,4.06,1.00,0.0,-10.9,0.0,390.0,910.0,50.04,48.43,,,,,,,,
,4.06,1.01,0.0,-10.9,0.0,390.0,910.0,51.34,50.08,,,,,,,,
,4.00,0.99,0.0,-10.9,0.0,390.0,910.0,51.69,50.80,,,,,,,,
,3.92,0.99,0.0,-10.9,0.0,390.0,910.0,48.66,50.58,,,,,,,,
,4.00,0.99,0.0,-10.9,0.0,390.0,910.0,49.23,49.27,,,,,,,,
,4.00,0.99,0.0,-10.9,0.0,390.0,910.0,50.46,48.74,,,,,,,,
,3.92,0.99,0.0,-10.9,0.0,390.0,910.0,51.10,50.28,,,,,,,,
,4.03,0.99,0.0,-11.7,0.0,390.0,910.0,49.12,51.03,,,,,,,,
,3.75,1.00,0.0,-11.7,0.0,390.0,910.0,49.15,50.87,,,,,,,,
,3.86,1.01,0.0,-10.9,0.0,390.0,910.0,50.62,49.56,,,,,,,,
,4.14,1.02,0.0,-10.2,0.0,390.0,910.0,50.19,49.12,,,,,,,,
,4.33,1.02,0.0,-9.4,0.0,390.0,910.0,51.59,50.74,,,,,,,,
,3.92,0.99,0.0,-8.6,0.0,390.0,910.0,49.68,50.91,,,,,,,,
,4.06,0.97,0.0,-9.4,0.0,390.0,910.0,49.17,51.16,,,,,,,,
